Time,Total Pedestrians,Mean Speed,Waiting Pedestrians,Average Route Time,Throughput,Max Pedestrian Density,Max Density Lane,Max Waiting Time,Total Distance Traveled,Average Distance
00:00:00,0,0,0,0,0,0,,0,0,0
00:01:00,0,0,0,0,0,0,,0,0,0
00:02:00,0,0,0,0,0,0,,0,0,0
00:03:00,0,0,0,0,0,0,,0,0,0
00:04:00,0,0,0,0,0,0,,0,0,0
00:05:00,0,0,0,0,0,0,,0,0,0
00:06:00,0,0,0,0,0,0,,0,0,0
00:07:00,0,0,0,0,0,0,,0,0,0
00:08:00,0,0,0,0,0,0,,0,0,0
00:09:00,0,0,0,0,0,0,,0,0,0
00:10:00,0,0,0,0,0,0,,0,0,0
00:11:00,0,0,0,0,0,0,,0,0,0
00:12:00,0,0,0,0,0,0,,0,0,0
00:13:00,0,0,0,0,0,0,,0,0,0
00:14:00,0,0,0,0,0,0,,0,0,0
00:15:00,0,0,0,0,0,0,,0,0,0
00:16:00,0,0,0,0,0,0,,0,0,0
00:17:00,0,0,0,0,0,0,,0,0,0
00:18:00,0,0,0,0,0,0,,0,0,0
00:19:00,0,0,0,0,0,0,,0,0,0
00:20:00,0,0,0,0,0,0,,0,0,0
00:21:00,0,0,0,0,0,0,,0,0,0
00:22:00,0,0,0,0,0,0,,0,0,0
00:23:00,0,0,0,0,0,0,,0,0,0
00:24:00,0,0,0,0,0,0,,0,0,0
00:25:00,0,0,0,0,0,0,,0,0,0
00:26:00,0,0,0,0,0,0,,0,0,0
00:27:00,0,0,0,0,0,0,,0,0,0
00:28:00,0,0,0,0,0,0,,0,0,0
00:29:00,0,0,0,0,0,0,,0,0,0
00:30:00,0,0,0,0,0,0,,0,0,0
00:31:00,0,0,0,0,0,0,,0,0,0
00:32:00,0,0,0,0,0,0,,0,0,0
00:33:00,0,0,0,0,0,0,,0,0,0
00:34:00,0,0,0,0,0,0,,0,0,0
00:35:00,0,0,0,0,0,0,,0,0,0
00:36:00,0,0,0,0,0,0,,0,0,0
00:37:00,0,0,0,0,0,0,,0,0,0
00:38:00,0,0,0,0,0,0,,0,0,0
00:39:00,0,0,0,0,0,0,,0,0,0
00:40:00,0,0,0,0,0,0,,0,0,0
00:41:00,0,0,0,0,0,0,,0,0,0
00:42:00,0,0,0,0,0,0,,0,0,0
00:43:00,0,0,0,0,0,0,,0,0,0
00:44:00,0,0,0,0,0,0,,0,0,0
00:45:00,0,0,0,0,0,0,,0,0,0
00:46:00,0,0,0,0,0,0,,0,0,0
00:47:00,0,0,0,0,0,0,,0,0,0
00:48:00,0,0,0,0,0,0,,0,0,0
00:49:00,0,0,0,0,0,0,,0,0,0
00:50:00,0,0,0,0,0,0,,0,0,0
00:51:00,0,0,0,0,0,0,,0,0,0
00:52:00,0,0,0,0,0,0,,0,0,0
00:53:00,0,0,0,0,0,0,,0,0,0
00:54:00,0,0,0,0,0,0,,0,0,0
00:55:00,0,0,0,0,0,0,,0,0,0
00:56:00,0,0,0,0,0,0,,0,0,0
00:57:00,0,0,0,0,0,0,,0,0,0
00:58:00,0,0,0,0,0,0,,0,0,0
00:59:00,2,0.0,0,0,0,0.049431537320810674,-225466110#2_0,0.0,0,0
01:00:00,2,1.0515104925209833,0,0,0,0.11627906976744186,:2343337348_1_0,0.0,0,0
01:01:00,2,1.0835018818646502,0,0,0,0.13333333333333333,:2342415622_13_0,0.0,0,0
01:02:00,2,1.0122321632217433,0,0,0,0.02420721374969741,-225485336#2_0,0.0,0,0
01:03:00,1,0.8904176952756939,0,240.0,1,0.07262164124909223,-225470358#0_0,0.0,167.89099740104245,167.89099740104245
01:04:00,1,0.858167483005435,0,240.0,0,0.19762845849802374,225470240#2_0,0.0,167.89099740104245,167.89099740104245
01:05:00,1,0.8570726340855588,0,240.0,0,0.13986013986013984,225470240#5_0,0.0,167.89099740104245,167.89099740104245
01:06:00,1,0.886849314522415,0,240.0,0,0.13513513513513511,:2342378650_1_0,0.0,167.89099740104245,167.89099740104245
01:07:00,1,0.7812545270616734,0,240.0,0,0.05955926146515784,-225466096#3_0,0.0,167.89099740104245,167.89099740104245
01:08:00,0,0,0,390.0,1,0,,0,531.5762892458508,265.7881446229254
01:09:00,0,0,0,390.0,0,0,,0,531.5762892458508,265.7881446229254
01:10:00,0,0,0,390.0,0,0,,0,531.5762892458508,265.7881446229254
01:11:00,0,0,0,390.0,0,0,,0,531.5762892458508,265.7881446229254
01:12:00,0,0,0,390.0,0,0,,0,531.5762892458508,265.7881446229254
01:13:00,0,0,0,390.0,0,0,,0,531.5762892458508,265.7881446229254
01:14:00,0,0,0,390.0,0,0,,0,531.5762892458508,265.7881446229254
01:15:00,0,0,0,390.0,0,0,,0,531.5762892458508,265.7881446229254
01:16:00,0,0,0,390.0,0,0,,0,531.5762892458508,265.7881446229254
01:17:00,0,0,0,390.0,0,0,,0,531.5762892458508,265.7881446229254
01:18:00,0,0,0,390.0,0,0,,0,531.5762892458508,265.7881446229254
01:19:00,0,0,0,390.0,0,0,,0,531.5762892458508,265.7881446229254
01:20:00,0,0,0,390.0,0,0,,0,531.5762892458508,265.7881446229254
01:21:00,0,0,0,390.0,0,0,,0,531.5762892458508,265.7881446229254
01:22:00,0,0,0,390.0,0,0,,0,531.5762892458508,265.7881446229254
01:23:00,0,0,0,390.0,0,0,,0,531.5762892458508,265.7881446229254
01:24:00,0,0,0,390.0,0,0,,0,531.5762892458508,265.7881446229254
01:25:00,0,0,0,390.0,0,0,,0,531.5762892458508,265.7881446229254
01:26:00,0,0,0,390.0,0,0,,0,531.5762892458508,265.7881446229254
01:27:00,0,0,0,390.0,0,0,,0,531.5762892458508,265.7881446229254
01:28:00,0,0,0,390.0,0,0,,0,531.5762892458508,265.7881446229254
01:29:00,0,0,0,390.0,0,0,,0,531.5762892458508,265.7881446229254
01:30:00,0,0,0,390.0,0,0,,0,531.5762892458508,265.7881446229254
01:31:00,0,0,0,390.0,0,0,,0,531.5762892458508,265.7881446229254
01:32:00,0,0,0,390.0,0,0,,0,531.5762892458508,265.7881446229254
01:33:00,0,0,0,390.0,0,0,,0,531.5762892458508,265.7881446229254
01:34:00,0,0,0,390.0,0,0,,0,531.5762892458508,265.7881446229254
01:35:00,0,0,0,390.0,0,0,,0,531.5762892458508,265.7881446229254
01:36:00,0,0,0,390.0,0,0,,0,531.5762892458508,265.7881446229254
01:37:00,0,0,0,390.0,0,0,,0,531.5762892458508,265.7881446229254
01:38:00,0,0,0,390.0,0,0,,0,531.5762892458508,265.7881446229254
01:39:00,0,0,0,390.0,0,0,,0,531.5762892458508,265.7881446229254
01:40:00,0,0,0,390.0,0,0,,0,531.5762892458508,265.7881446229254
01:41:00,0,0,0,390.0,0,0,,0,531.5762892458508,265.7881446229254
01:42:00,0,0,0,390.0,0,0,,0,531.5762892458508,265.7881446229254
01:43:00,0,0,0,390.0,0,0,,0,531.5762892458508,265.7881446229254
01:44:00,0,0,0,390.0,0,0,,0,531.5762892458508,265.7881446229254
01:45:00,0,0,0,390.0,0,0,,0,531.5762892458508,265.7881446229254
01:46:00,0,0,0,390.0,0,0,,0,531.5762892458508,265.7881446229254
01:47:00,0,0,0,390.0,0,0,,0,531.5762892458508,265.7881446229254
01:48:00,0,0,0,390.0,0,0,,0,531.5762892458508,265.7881446229254
01:49:00,0,0,0,390.0,0,0,,0,531.5762892458508,265.7881446229254
01:50:00,0,0,0,390.0,0,0,,0,531.5762892458508,265.7881446229254
01:51:00,0,0,0,390.0,0,0,,0,531.5762892458508,265.7881446229254
01:52:00,0,0,0,390.0,0,0,,0,531.5762892458508,265.7881446229254
01:53:00,0,0,0,390.0,0,0,,0,531.5762892458508,265.7881446229254
01:54:00,0,0,0,390.0,0,0,,0,531.5762892458508,265.7881446229254
01:55:00,0,0,0,390.0,0,0,,0,531.5762892458508,265.7881446229254
01:56:00,0,0,0,390.0,0,0,,0,531.5762892458508,265.7881446229254
01:57:00,0,0,0,390.0,0,0,,0,531.5762892458508,265.7881446229254
01:58:00,0,0,0,390.0,0,0,,0,531.5762892458508,265.7881446229254
01:59:00,3,0.0,0,390.0,0,0.05955926146515784,225466096#3_0,0.0,531.5762892458508,265.7881446229254
02:00:00,2,1.320473795195315,0,280.0,1,0.10309278350515465,:2342576027_4_0,0.0,531.5762892458508,177.1920964152836
02:01:00,2,1.3033051233641584,0,280.0,0,0.11273957158962797,-563616188#2_0,0.0,531.5762892458508,177.1920964152836
02:02:00,2,1.2925380681473968,0,280.0,0,0.024195499637067505,225485336#2_0,0.0,531.5762892458508,177.1920964152836
02:03:00,2,1.4665990989162805,0,280.0,0,0.35587188612099646,-372396764#4_0,0.0,531.5762892458508,177.1920964152836
02:04:00,2,1.40715110737855,0,280.0,0,0.023299161230195712,-372396764#0_0,0.0,531.5762892458508,177.1920964152836
02:05:00,2,1.3581580906027386,0,280.0,0,0.13986013986013984,:2343357249_1_0,0.0,531.5762892458508,177.1920964152836
02:06:00,1,1.1668896486853506,0,315.0,1,0.17667844522968199,:2342415689_6_0,0.0,1035.6073711594208,258.9018427898552
02:07:00,1,1.194703771920499,0,315.0,0,0.035765379113018594,225470243#2_0,0.0,1035.6073711594208,258.9018427898552
02:08:00,1,1.139186973668453,0,315.0,0,0.06807351940095303,225446903#0_0,0.0,1035.6073711594208,258.9018427898552
02:09:00,0,0,0,372.0,1,0,,0,1641.6117815041503,328.32235630083005
02:10:00,0,0,0,372.0,0,0,,0,1641.6117815041503,328.32235630083005
02:11:00,0,0,0,372.0,0,0,,0,1641.6117815041503,328.32235630083005
02:12:00,0,0,0,372.0,0,0,,0,1641.6117815041503,328.32235630083005
02:13:00,0,0,0,372.0,0,0,,0,1641.6117815041503,328.32235630083005
02:14:00,0,0,0,372.0,0,0,,0,1641.6117815041503,328.32235630083005
02:15:00,0,0,0,372.0,0,0,,0,1641.6117815041503,328.32235630083005
02:16:00,0,0,0,372.0,0,0,,0,1641.6117815041503,328.32235630083005
02:17:00,0,0,0,372.0,0,0,,0,1641.6117815041503,328.32235630083005
02:18:00,0,0,0,372.0,0,0,,0,1641.6117815041503,328.32235630083005
02:19:00,0,0,0,372.0,0,0,,0,1641.6117815041503,328.32235630083005
02:20:00,0,0,0,372.0,0,0,,0,1641.6117815041503,328.32235630083005
02:21:00,0,0,0,372.0,0,0,,0,1641.6117815041503,328.32235630083005
02:22:00,0,0,0,372.0,0,0,,0,1641.6117815041503,328.32235630083005
02:23:00,0,0,0,372.0,0,0,,0,1641.6117815041503,328.32235630083005
02:24:00,0,0,0,372.0,0,0,,0,1641.6117815041503,328.32235630083005
02:25:00,0,0,0,372.0,0,0,,0,1641.6117815041503,328.32235630083005
02:26:00,0,0,0,372.0,0,0,,0,1641.6117815041503,328.32235630083005
02:27:00,0,0,0,372.0,0,0,,0,1641.6117815041503,328.32235630083005
02:28:00,0,0,0,372.0,0,0,,0,1641.6117815041503,328.32235630083005
02:29:00,0,0,0,372.0,0,0,,0,1641.6117815041503,328.32235630083005
02:30:00,0,0,0,372.0,0,0,,0,1641.6117815041503,328.32235630083005
02:31:00,0,0,0,372.0,0,0,,0,1641.6117815041503,328.32235630083005
02:32:00,0,0,0,372.0,0,0,,0,1641.6117815041503,328.32235630083005
02:33:00,0,0,0,372.0,0,0,,0,1641.6117815041503,328.32235630083005
02:34:00,0,0,0,372.0,0,0,,0,1641.6117815041503,328.32235630083005
02:35:00,0,0,0,372.0,0,0,,0,1641.6117815041503,328.32235630083005
02:36:00,0,0,0,372.0,0,0,,0,1641.6117815041503,328.32235630083005
02:37:00,0,0,0,372.0,0,0,,0,1641.6117815041503,328.32235630083005
02:38:00,0,0,0,372.0,0,0,,0,1641.6117815041503,328.32235630083005
02:39:00,0,0,0,372.0,0,0,,0,1641.6117815041503,328.32235630083005
02:40:00,0,0,0,372.0,0,0,,0,1641.6117815041503,328.32235630083005
02:41:00,0,0,0,372.0,0,0,,0,1641.6117815041503,328.32235630083005
02:42:00,0,0,0,372.0,0,0,,0,1641.6117815041503,328.32235630083005
02:43:00,0,0,0,372.0,0,0,,0,1641.6117815041503,328.32235630083005
02:44:00,0,0,0,372.0,0,0,,0,1641.6117815041503,328.32235630083005
02:45:00,0,0,0,372.0,0,0,,0,1641.6117815041503,328.32235630083005
02:46:00,0,0,0,372.0,0,0,,0,1641.6117815041503,328.32235630083005
02:47:00,0,0,0,372.0,0,0,,0,1641.6117815041503,328.32235630083005
02:48:00,0,0,0,372.0,0,0,,0,1641.6117815041503,328.32235630083005
02:49:00,0,0,0,372.0,0,0,,0,1641.6117815041503,328.32235630083005
02:50:00,0,0,0,372.0,0,0,,0,1641.6117815041503,328.32235630083005
02:51:00,0,0,0,372.0,0,0,,0,1641.6117815041503,328.32235630083005
02:52:00,0,0,0,372.0,0,0,,0,1641.6117815041503,328.32235630083005
02:53:00,0,0,0,372.0,0,0,,0,1641.6117815041503,328.32235630083005
02:54:00,0,0,0,372.0,0,0,,0,1641.6117815041503,328.32235630083005
02:55:00,0,0,0,372.0,0,0,,0,1641.6117815041503,328.32235630083005
02:56:00,0,0,0,372.0,0,0,,0,1641.6117815041503,328.32235630083005
02:57:00,0,0,0,372.0,0,0,,0,1641.6117815041503,328.32235630083005
02:58:00,0,0,0,372.0,0,0,,0,1641.6117815041503,328.32235630083005
02:59:00,0,0,0,372.0,0,0,,0,1641.6117815041503,328.32235630083005
03:00:00,0,0,0,372.0,0,0,,0,1641.6117815041503,328.32235630083005
03:01:00,0,0,0,372.0,0,0,,0,1641.6117815041503,328.32235630083005
03:02:00,0,0,0,372.0,0,0,,0,1641.6117815041503,328.32235630083005
03:03:00,0,0,0,372.0,0,0,,0,1641.6117815041503,328.32235630083005
03:04:00,0,0,0,372.0,0,0,,0,1641.6117815041503,328.32235630083005
03:05:00,0,0,0,372.0,0,0,,0,1641.6117815041503,328.32235630083005
03:06:00,0,0,0,372.0,0,0,,0,1641.6117815041503,328.32235630083005
03:07:00,0,0,0,372.0,0,0,,0,1641.6117815041503,328.32235630083005
03:08:00,0,0,0,372.0,0,0,,0,1641.6117815041503,328.32235630083005
03:09:00,0,0,0,372.0,0,0,,0,1641.6117815041503,328.32235630083005
03:10:00,0,0,0,372.0,0,0,,0,1641.6117815041503,328.32235630083005
03:11:00,0,0,0,372.0,0,0,,0,1641.6117815041503,328.32235630083005
03:12:00,0,0,0,372.0,0,0,,0,1641.6117815041503,328.32235630083005
03:13:00,0,0,0,372.0,0,0,,0,1641.6117815041503,328.32235630083005
03:14:00,0,0,0,372.0,0,0,,0,1641.6117815041503,328.32235630083005
03:15:00,0,0,0,372.0,0,0,,0,1641.6117815041503,328.32235630083005
03:16:00,0,0,0,372.0,0,0,,0,1641.6117815041503,328.32235630083005
03:17:00,0,0,0,372.0,0,0,,0,1641.6117815041503,328.32235630083005
03:18:00,0,0,0,372.0,0,0,,0,1641.6117815041503,328.32235630083005
03:19:00,0,0,0,372.0,0,0,,0,1641.6117815041503,328.32235630083005
03:20:00,0,0,0,372.0,0,0,,0,1641.6117815041503,328.32235630083005
03:21:00,0,0,0,372.0,0,0,,0,1641.6117815041503,328.32235630083005
03:22:00,0,0,0,372.0,0,0,,0,1641.6117815041503,328.32235630083005
03:23:00,0,0,0,372.0,0,0,,0,1641.6117815041503,328.32235630083005
03:24:00,0,0,0,372.0,0,0,,0,1641.6117815041503,328.32235630083005
03:25:00,0,0,0,372.0,0,0,,0,1641.6117815041503,328.32235630083005
03:26:00,0,0,0,372.0,0,0,,0,1641.6117815041503,328.32235630083005
03:27:00,0,0,0,372.0,0,0,,0,1641.6117815041503,328.32235630083005
03:28:00,0,0,0,372.0,0,0,,0,1641.6117815041503,328.32235630083005
03:29:00,0,0,0,372.0,0,0,,0,1641.6117815041503,328.32235630083005
03:30:00,0,0,0,372.0,0,0,,0,1641.6117815041503,328.32235630083005
03:31:00,0,0,0,372.0,0,0,,0,1641.6117815041503,328.32235630083005
03:32:00,0,0,0,372.0,0,0,,0,1641.6117815041503,328.32235630083005
03:33:00,0,0,0,372.0,0,0,,0,1641.6117815041503,328.32235630083005
03:34:00,0,0,0,372.0,0,0,,0,1641.6117815041503,328.32235630083005
03:35:00,0,0,0,372.0,0,0,,0,1641.6117815041503,328.32235630083005
03:36:00,0,0,0,372.0,0,0,,0,1641.6117815041503,328.32235630083005
03:37:00,0,0,0,372.0,0,0,,0,1641.6117815041503,328.32235630083005
03:38:00,0,0,0,372.0,0,0,,0,1641.6117815041503,328.32235630083005
03:39:00,0,0,0,372.0,0,0,,0,1641.6117815041503,328.32235630083005
03:40:00,0,0,0,372.0,0,0,,0,1641.6117815041503,328.32235630083005
03:41:00,0,0,0,372.0,0,0,,0,1641.6117815041503,328.32235630083005
03:42:00,0,0,0,372.0,0,0,,0,1641.6117815041503,328.32235630083005
03:43:00,0,0,0,372.0,0,0,,0,1641.6117815041503,328.32235630083005
03:44:00,0,0,0,372.0,0,0,,0,1641.6117815041503,328.32235630083005
03:45:00,0,0,0,372.0,0,0,,0,1641.6117815041503,328.32235630083005
03:46:00,0,0,0,372.0,0,0,,0,1641.6117815041503,328.32235630083005
03:47:00,0,0,0,372.0,0,0,,0,1641.6117815041503,328.32235630083005
03:48:00,0,0,0,372.0,0,0,,0,1641.6117815041503,328.32235630083005
03:49:00,0,0,0,372.0,0,0,,0,1641.6117815041503,328.32235630083005
03:50:00,0,0,0,372.0,0,0,,0,1641.6117815041503,328.32235630083005
03:51:00,0,0,0,372.0,0,0,,0,1641.6117815041503,328.32235630083005
03:52:00,0,0,0,372.0,0,0,,0,1641.6117815041503,328.32235630083005
03:53:00,0,0,0,372.0,0,0,,0,1641.6117815041503,328.32235630083005
03:54:00,0,0,0,372.0,0,0,,0,1641.6117815041503,328.32235630083005
03:55:00,0,0,0,372.0,0,0,,0,1641.6117815041503,328.32235630083005
03:56:00,0,0,0,372.0,0,0,,0,1641.6117815041503,328.32235630083005
03:57:00,0,0,0,372.0,0,0,,0,1641.6117815041503,328.32235630083005
03:58:00,0,0,0,372.0,0,0,,0,1641.6117815041503,328.32235630083005
03:59:00,2,0.0,0,372.0,0,0.05955926146515784,225466096#3_0,0.0,1641.6117815041503,328.32235630083005
04:00:00,2,1.166909933685419,0,372.0,0,0.1310615989515072,:10575648972_3_0,0.0,1641.6117815041503,328.32235630083005
04:01:00,1,0.8494573735125536,0,330.0,1,0.10395010395010396,:2342415566_13_0,0.0,1729.9558432854953,288.3259738809159
04:02:00,1,0.8185424101074574,0,330.0,0,0.08038585209003216,:2342378714_32_0,0.0,1729.9558432854953,288.3259738809159
04:03:00,1,0.7701622585816741,0,330.0,0,0.05955926146515784,-225466096#3_0,0.0,1729.9558432854953,288.3259738809159
04:04:00,0,0,0,325.7142857142857,1,0,,0,1881.478391159651,268.78262730852157
04:05:00,0,0,0,325.7142857142857,0,0,,0,1881.478391159651,268.78262730852157
04:06:00,0,0,0,325.7142857142857,0,0,,0,1881.478391159651,268.78262730852157
04:07:00,0,0,0,325.7142857142857,0,0,,0,1881.478391159651,268.78262730852157
04:08:00,0,0,0,325.7142857142857,0,0,,0,1881.478391159651,268.78262730852157
04:09:00,0,0,0,325.7142857142857,0,0,,0,1881.478391159651,268.78262730852157
04:10:00,0,0,0,325.7142857142857,0,0,,0,1881.478391159651,268.78262730852157
04:11:00,0,0,0,325.7142857142857,0,0,,0,1881.478391159651,268.78262730852157
04:12:00,0,0,0,325.7142857142857,0,0,,0,1881.478391159651,268.78262730852157
04:13:00,0,0,0,325.7142857142857,0,0,,0,1881.478391159651,268.78262730852157
04:14:00,0,0,0,325.7142857142857,0,0,,0,1881.478391159651,268.78262730852157
04:15:00,0,0,0,325.7142857142857,0,0,,0,1881.478391159651,268.78262730852157
04:16:00,0,0,0,325.7142857142857,0,0,,0,1881.478391159651,268.78262730852157
04:17:00,0,0,0,325.7142857142857,0,0,,0,1881.478391159651,268.78262730852157
04:18:00,0,0,0,325.7142857142857,0,0,,0,1881.478391159651,268.78262730852157
04:19:00,0,0,0,325.7142857142857,0,0,,0,1881.478391159651,268.78262730852157
04:20:00,0,0,0,325.7142857142857,0,0,,0,1881.478391159651,268.78262730852157
04:21:00,0,0,0,325.7142857142857,0,0,,0,1881.478391159651,268.78262730852157
04:22:00,0,0,0,325.7142857142857,0,0,,0,1881.478391159651,268.78262730852157
04:23:00,0,0,0,325.7142857142857,0,0,,0,1881.478391159651,268.78262730852157
04:24:00,0,0,0,325.7142857142857,0,0,,0,1881.478391159651,268.78262730852157
04:25:00,0,0,0,325.7142857142857,0,0,,0,1881.478391159651,268.78262730852157
04:26:00,0,0,0,325.7142857142857,0,0,,0,1881.478391159651,268.78262730852157
04:27:00,0,0,0,325.7142857142857,0,0,,0,1881.478391159651,268.78262730852157
04:28:00,0,0,0,325.7142857142857,0,0,,0,1881.478391159651,268.78262730852157
04:29:00,0,0,0,325.7142857142857,0,0,,0,1881.478391159651,268.78262730852157
04:30:00,0,0,0,325.7142857142857,0,0,,0,1881.478391159651,268.78262730852157
04:31:00,0,0,0,325.7142857142857,0,0,,0,1881.478391159651,268.78262730852157
04:32:00,0,0,0,325.7142857142857,0,0,,0,1881.478391159651,268.78262730852157
04:33:00,0,0,0,325.7142857142857,0,0,,0,1881.478391159651,268.78262730852157
04:34:00,0,0,0,325.7142857142857,0,0,,0,1881.478391159651,268.78262730852157
04:35:00,0,0,0,325.7142857142857,0,0,,0,1881.478391159651,268.78262730852157
04:36:00,0,0,0,325.7142857142857,0,0,,0,1881.478391159651,268.78262730852157
04:37:00,0,0,0,325.7142857142857,0,0,,0,1881.478391159651,268.78262730852157
04:38:00,0,0,0,325.7142857142857,0,0,,0,1881.478391159651,268.78262730852157
04:39:00,0,0,0,325.7142857142857,0,0,,0,1881.478391159651,268.78262730852157
04:40:00,0,0,0,325.7142857142857,0,0,,0,1881.478391159651,268.78262730852157
04:41:00,0,0,0,325.7142857142857,0,0,,0,1881.478391159651,268.78262730852157
04:42:00,0,0,0,325.7142857142857,0,0,,0,1881.478391159651,268.78262730852157
04:43:00,0,0,0,325.7142857142857,0,0,,0,1881.478391159651,268.78262730852157
04:44:00,0,0,0,325.7142857142857,0,0,,0,1881.478391159651,268.78262730852157
04:45:00,0,0,0,325.7142857142857,0,0,,0,1881.478391159651,268.78262730852157
04:46:00,0,0,0,325.7142857142857,0,0,,0,1881.478391159651,268.78262730852157
04:47:00,0,0,0,325.7142857142857,0,0,,0,1881.478391159651,268.78262730852157
04:48:00,0,0,0,325.7142857142857,0,0,,0,1881.478391159651,268.78262730852157
04:49:00,0,0,0,325.7142857142857,0,0,,0,1881.478391159651,268.78262730852157
04:50:00,0,0,0,325.7142857142857,0,0,,0,1881.478391159651,268.78262730852157
04:51:00,0,0,0,325.7142857142857,0,0,,0,1881.478391159651,268.78262730852157
04:52:00,0,0,0,325.7142857142857,0,0,,0,1881.478391159651,268.78262730852157
04:53:00,0,0,0,325.7142857142857,0,0,,0,1881.478391159651,268.78262730852157
04:54:00,0,0,0,325.7142857142857,0,0,,0,1881.478391159651,268.78262730852157
04:55:00,0,0,0,325.7142857142857,0,0,,0,1881.478391159651,268.78262730852157
04:56:00,0,0,0,325.7142857142857,0,0,,0,1881.478391159651,268.78262730852157
04:57:00,0,0,0,325.7142857142857,0,0,,0,1881.478391159651,268.78262730852157
04:58:00,0,0,0,325.7142857142857,0,0,,0,1881.478391159651,268.78262730852157
04:59:00,2,0.0,0,325.7142857142857,0,0.049431537320810674,-225466110#2_0,0.0,1881.478391159651,268.78262730852157
05:00:00,2,1.1546043693917887,0,325.7142857142857,0,0.16501650165016502,:2342205389_1_0,0.0,1881.478391159651,268.78262730852157
05:01:00,2,1.0668776108306965,0,325.7142857142857,0,0.054824561403508776,225466100#5_0,0.0,1881.478391159651,268.78262730852157
05:02:00,1,0.6802207422773754,0,307.5,1,0.030618493570116354,225470238_0,0.0,2049.2661510697026,256.1582688837128
05:03:00,1,0.5953267369346391,0,307.5,0,0.027502750275027504,-225470238_0,0.0,2049.2661510697026,256.1582688837128
05:04:00,0,0,0,306.6666666666667,1,0,,0,2131.4802945209494,236.83114383566104
05:05:00,0,0,0,306.6666666666667,0,0,,0,2131.4802945209494,236.83114383566104
05:06:00,0,0,0,306.6666666666667,0,0,,0,2131.4802945209494,236.83114383566104
05:07:00,0,0,0,306.6666666666667,0,0,,0,2131.4802945209494,236.83114383566104
05:08:00,0,0,0,306.6666666666667,0,0,,0,2131.4802945209494,236.83114383566104
05:09:00,0,0,0,306.6666666666667,0,0,,0,2131.4802945209494,236.83114383566104
05:10:00,0,0,0,306.6666666666667,0,0,,0,2131.4802945209494,236.83114383566104
05:11:00,0,0,0,306.6666666666667,0,0,,0,2131.4802945209494,236.83114383566104
05:12:00,0,0,0,306.6666666666667,0,0,,0,2131.4802945209494,236.83114383566104
05:13:00,0,0,0,306.6666666666667,0,0,,0,2131.4802945209494,236.83114383566104
05:14:00,0,0,0,306.6666666666667,0,0,,0,2131.4802945209494,236.83114383566104
05:15:00,0,0,0,306.6666666666667,0,0,,0,2131.4802945209494,236.83114383566104
05:16:00,0,0,0,306.6666666666667,0,0,,0,2131.4802945209494,236.83114383566104
05:17:00,0,0,0,306.6666666666667,0,0,,0,2131.4802945209494,236.83114383566104
05:18:00,0,0,0,306.6666666666667,0,0,,0,2131.4802945209494,236.83114383566104
05:19:00,0,0,0,306.6666666666667,0,0,,0,2131.4802945209494,236.83114383566104
05:20:00,0,0,0,306.6666666666667,0,0,,0,2131.4802945209494,236.83114383566104
05:21:00,0,0,0,306.6666666666667,0,0,,0,2131.4802945209494,236.83114383566104
05:22:00,0,0,0,306.6666666666667,0,0,,0,2131.4802945209494,236.83114383566104
05:23:00,0,0,0,306.6666666666667,0,0,,0,2131.4802945209494,236.83114383566104
05:24:00,0,0,0,306.6666666666667,0,0,,0,2131.4802945209494,236.83114383566104
05:25:00,0,0,0,306.6666666666667,0,0,,0,2131.4802945209494,236.83114383566104
05:26:00,0,0,0,306.6666666666667,0,0,,0,2131.4802945209494,236.83114383566104
05:27:00,0,0,0,306.6666666666667,0,0,,0,2131.4802945209494,236.83114383566104
05:28:00,0,0,0,306.6666666666667,0,0,,0,2131.4802945209494,236.83114383566104
05:29:00,0,0,0,306.6666666666667,0,0,,0,2131.4802945209494,236.83114383566104
05:30:00,0,0,0,306.6666666666667,0,0,,0,2131.4802945209494,236.83114383566104
05:31:00,0,0,0,306.6666666666667,0,0,,0,2131.4802945209494,236.83114383566104
05:32:00,0,0,0,306.6666666666667,0,0,,0,2131.4802945209494,236.83114383566104
05:33:00,0,0,0,306.6666666666667,0,0,,0,2131.4802945209494,236.83114383566104
05:34:00,0,0,0,306.6666666666667,0,0,,0,2131.4802945209494,236.83114383566104
05:35:00,0,0,0,306.6666666666667,0,0,,0,2131.4802945209494,236.83114383566104
05:36:00,0,0,0,306.6666666666667,0,0,,0,2131.4802945209494,236.83114383566104
05:37:00,0,0,0,306.6666666666667,0,0,,0,2131.4802945209494,236.83114383566104
05:38:00,0,0,0,306.6666666666667,0,0,,0,2131.4802945209494,236.83114383566104
05:39:00,0,0,0,306.6666666666667,0,0,,0,2131.4802945209494,236.83114383566104
05:40:00,0,0,0,306.6666666666667,0,0,,0,2131.4802945209494,236.83114383566104
05:41:00,0,0,0,306.6666666666667,0,0,,0,2131.4802945209494,236.83114383566104
05:42:00,0,0,0,306.6666666666667,0,0,,0,2131.4802945209494,236.83114383566104
05:43:00,0,0,0,306.6666666666667,0,0,,0,2131.4802945209494,236.83114383566104
05:44:00,0,0,0,306.6666666666667,0,0,,0,2131.4802945209494,236.83114383566104
05:45:00,0,0,0,306.6666666666667,0,0,,0,2131.4802945209494,236.83114383566104
05:46:00,0,0,0,306.6666666666667,0,0,,0,2131.4802945209494,236.83114383566104
05:47:00,0,0,0,306.6666666666667,0,0,,0,2131.4802945209494,236.83114383566104
05:48:00,0,0,0,306.6666666666667,0,0,,0,2131.4802945209494,236.83114383566104
05:49:00,0,0,0,306.6666666666667,0,0,,0,2131.4802945209494,236.83114383566104
05:50:00,0,0,0,306.6666666666667,0,0,,0,2131.4802945209494,236.83114383566104
05:51:00,0,0,0,306.6666666666667,0,0,,0,2131.4802945209494,236.83114383566104
05:52:00,0,0,0,306.6666666666667,0,0,,0,2131.4802945209494,236.83114383566104
05:53:00,0,0,0,306.6666666666667,0,0,,0,2131.4802945209494,236.83114383566104
05:54:00,0,0,0,306.6666666666667,0,0,,0,2131.4802945209494,236.83114383566104
05:55:00,0,0,0,306.6666666666667,0,0,,0,2131.4802945209494,236.83114383566104
05:56:00,0,0,0,306.6666666666667,0,0,,0,2131.4802945209494,236.83114383566104
05:57:00,0,0,0,306.6666666666667,0,0,,0,2131.4802945209494,236.83114383566104
05:58:00,0,0,0,306.6666666666667,0,0,,0,2131.4802945209494,236.83114383566104
05:59:00,3,0.0,0,306.6666666666667,0,0.05955926146515784,225466096#3_0,0.0,2131.4802945209494,236.83114383566104
06:00:00,2,1.1266874540294558,0,282.0,1,0.5524861878453039,346382722#1_0,0.0,2131.4802945209494,213.14802945209493
06:01:00,2,1.1281756713230993,0,282.0,0,0.13908205841446453,:2342417427_0_0,0.0,2131.4802945209494,213.14802945209493
06:02:00,2,1.0928852120246246,0,282.0,0,1.6949152542372883,-225470242#0_0,0.0,2131.4802945209494,213.14802945209493
06:03:00,2,1.1024394188577862,0,282.0,0,0.14285714285714285,:2342415633_0_0,0.0,2131.4802945209494,213.14802945209493
06:04:00,2,1.0367266027701691,0,282.0,0,0.10626992561105207,:12625990038_0_0,0.0,2131.4802945209494,213.14802945209493
06:05:00,1,0.6381735146344018,0,289.09090909090907,1,0.011622501162250115,-372396764#5_0,0.0,2539.2107213206236,230.83733830187487
06:06:00,1,0.7055908306614909,0,289.09090909090907,0,0.011622501162250115,-372396764#5_0,0.0,2539.2107213206236,230.83733830187487
06:07:00,1,0.6624884290830243,0,289.09090909090907,0,0.14367816091954022,-372396764#3_0,0.0,2539.2107213206236,230.83733830187487
06:08:00,1,0.6181111107952323,0,289.09090909090907,0,0.02685284640171858,565255792#6_0,0.0,2539.2107213206236,230.83733830187487
06:09:00,1,0.6712564589021444,0,289.09090909090907,0,0.027886224205242612,-586413267#1_0,0.0,2539.2107213206236,230.83733830187487
06:10:00,1,0.5998525321746938,0,289.09090909090907,0,0.028344671201814057,:cluster_1906841225_2342448109_5599550268_32_0,0.0,2539.2107213206236,230.83733830187487
06:11:00,1,0.6669139799311773,0,289.09090909090907,0,0.01436988072998994,-586413249#1_0,0.0,2539.2107213206236,230.83733830187487
06:12:00,1,0.6578929027140552,0,289.09090909090907,0,0.01436988072998994,-586413249#1_0,0.0,2539.2107213206236,230.83733830187487
06:13:00,1,0.6189480481953437,0,289.09090909090907,0,0.010575296108291032,-586413249#0_0,0.0,2539.2107213206236,230.83733830187487
06:14:00,1,0.6759082514492658,0,289.09090909090907,0,0.010575296108291032,-586413249#0_0,0.0,2539.2107213206236,230.83733830187487
06:15:00,1,0.6833719369008678,0,289.09090909090907,0,0.03987240829346093,-586413254#0_0,0.0,2539.2107213206236,230.83733830187487
06:16:00,1,0.5996973722176204,0,289.09090909090907,0,0.050735667174023336,:cluster_5602981510_67637467_7265220263_10_0,0.0,2539.2107213206236,230.83733830187487
06:17:00,1,0.7134477213738659,0,289.09090909090907,0,0.024679170779861793,1046388837#0_0,0.0,2539.2107213206236,230.83733830187487
06:18:00,1,0.6616304116166009,0,289.09090909090907,0,0.10493179433368312,:9941998815_1_0,0.0,2539.2107213206236,230.83733830187487
06:19:00,1,0.6087639294909566,0,289.09090909090907,0,0.19801980198019803,:5431067224_0_0,0.0,2539.2107213206236,230.83733830187487
06:20:00,0,0,0,370.0,1,0,,0,3285.164463051604,273.7637052543003
06:21:00,0,0,0,370.0,0,0,,0,3285.164463051604,273.7637052543003
06:22:00,0,0,0,370.0,0,0,,0,3285.164463051604,273.7637052543003
06:23:00,0,0,0,370.0,0,0,,0,3285.164463051604,273.7637052543003
06:24:00,0,0,0,370.0,0,0,,0,3285.164463051604,273.7637052543003
06:25:00,0,0,0,370.0,0,0,,0,3285.164463051604,273.7637052543003
06:26:00,0,0,0,370.0,0,0,,0,3285.164463051604,273.7637052543003
06:27:00,0,0,0,370.0,0,0,,0,3285.164463051604,273.7637052543003
06:28:00,0,0,0,370.0,0,0,,0,3285.164463051604,273.7637052543003
06:29:00,0,0,0,370.0,0,0,,0,3285.164463051604,273.7637052543003
06:30:00,0,0,0,370.0,0,0,,0,3285.164463051604,273.7637052543003
06:31:00,0,0,0,370.0,0,0,,0,3285.164463051604,273.7637052543003
06:32:00,0,0,0,370.0,0,0,,0,3285.164463051604,273.7637052543003
06:33:00,0,0,0,370.0,0,0,,0,3285.164463051604,273.7637052543003
06:34:00,0,0,0,370.0,0,0,,0,3285.164463051604,273.7637052543003
06:35:00,0,0,0,370.0,0,0,,0,3285.164463051604,273.7637052543003
06:36:00,0,0,0,370.0,0,0,,0,3285.164463051604,273.7637052543003
06:37:00,0,0,0,370.0,0,0,,0,3285.164463051604,273.7637052543003
06:38:00,0,0,0,370.0,0,0,,0,3285.164463051604,273.7637052543003
06:39:00,0,0,0,370.0,0,0,,0,3285.164463051604,273.7637052543003
06:40:00,0,0,0,370.0,0,0,,0,3285.164463051604,273.7637052543003
06:41:00,0,0,0,370.0,0,0,,0,3285.164463051604,273.7637052543003
06:42:00,0,0,0,370.0,0,0,,0,3285.164463051604,273.7637052543003
06:43:00,0,0,0,370.0,0,0,,0,3285.164463051604,273.7637052543003
06:44:00,0,0,0,370.0,0,0,,0,3285.164463051604,273.7637052543003
06:45:00,0,0,0,370.0,0,0,,0,3285.164463051604,273.7637052543003
06:46:00,0,0,0,370.0,0,0,,0,3285.164463051604,273.7637052543003
06:47:00,0,0,0,370.0,0,0,,0,3285.164463051604,273.7637052543003
06:48:00,0,0,0,370.0,0,0,,0,3285.164463051604,273.7637052543003
06:49:00,0,0,0,370.0,0,0,,0,3285.164463051604,273.7637052543003
06:50:00,0,0,0,370.0,0,0,,0,3285.164463051604,273.7637052543003
06:51:00,0,0,0,370.0,0,0,,0,3285.164463051604,273.7637052543003
06:52:00,0,0,0,370.0,0,0,,0,3285.164463051604,273.7637052543003
06:53:00,0,0,0,370.0,0,0,,0,3285.164463051604,273.7637052543003
06:54:00,0,0,0,370.0,0,0,,0,3285.164463051604,273.7637052543003
06:55:00,0,0,0,370.0,0,0,,0,3285.164463051604,273.7637052543003
06:56:00,0,0,0,370.0,0,0,,0,3285.164463051604,273.7637052543003
06:57:00,0,0,0,370.0,0,0,,0,3285.164463051604,273.7637052543003
06:58:00,0,0,0,370.0,0,0,,0,3285.164463051604,273.7637052543003
06:59:00,0,0,0,370.0,0,0,,0,3285.164463051604,273.7637052543003
07:00:00,0,0,0,370.0,0,0,,0,3285.164463051604,273.7637052543003
07:01:00,0,0,0,370.0,0,0,,0,3285.164463051604,273.7637052543003
07:02:00,0,0,0,370.0,0,0,,0,3285.164463051604,273.7637052543003
07:03:00,0,0,0,370.0,0,0,,0,3285.164463051604,273.7637052543003
07:04:00,0,0,0,370.0,0,0,,0,3285.164463051604,273.7637052543003
07:05:00,0,0,0,370.0,0,0,,0,3285.164463051604,273.7637052543003
07:06:00,0,0,0,370.0,0,0,,0,3285.164463051604,273.7637052543003
07:07:00,0,0,0,370.0,0,0,,0,3285.164463051604,273.7637052543003
07:08:00,0,0,0,370.0,0,0,,0,3285.164463051604,273.7637052543003
07:09:00,0,0,0,370.0,0,0,,0,3285.164463051604,273.7637052543003
07:10:00,0,0,0,370.0,0,0,,0,3285.164463051604,273.7637052543003
07:11:00,0,0,0,370.0,0,0,,0,3285.164463051604,273.7637052543003
07:12:00,0,0,0,370.0,0,0,,0,3285.164463051604,273.7637052543003
07:13:00,0,0,0,370.0,0,0,,0,3285.164463051604,273.7637052543003
07:14:00,0,0,0,370.0,0,0,,0,3285.164463051604,273.7637052543003
07:15:00,0,0,0,370.0,0,0,,0,3285.164463051604,273.7637052543003
07:16:00,0,0,0,370.0,0,0,,0,3285.164463051604,273.7637052543003
07:17:00,0,0,0,370.0,0,0,,0,3285.164463051604,273.7637052543003
07:18:00,0,0,0,370.0,0,0,,0,3285.164463051604,273.7637052543003
07:19:00,0,0,0,370.0,0,0,,0,3285.164463051604,273.7637052543003
07:20:00,0,0,0,370.0,0,0,,0,3285.164463051604,273.7637052543003
07:21:00,0,0,0,370.0,0,0,,0,3285.164463051604,273.7637052543003
07:22:00,0,0,0,370.0,0,0,,0,3285.164463051604,273.7637052543003
07:23:00,0,0,0,370.0,0,0,,0,3285.164463051604,273.7637052543003
07:24:00,0,0,0,370.0,0,0,,0,3285.164463051604,273.7637052543003
07:25:00,0,0,0,370.0,0,0,,0,3285.164463051604,273.7637052543003
07:26:00,0,0,0,370.0,0,0,,0,3285.164463051604,273.7637052543003
07:27:00,0,0,0,370.0,0,0,,0,3285.164463051604,273.7637052543003
07:28:00,0,0,0,370.0,0,0,,0,3285.164463051604,273.7637052543003
07:29:00,0,0,0,370.0,0,0,,0,3285.164463051604,273.7637052543003
07:30:00,0,0,0,370.0,0,0,,0,3285.164463051604,273.7637052543003
07:31:00,0,0,0,370.0,0,0,,0,3285.164463051604,273.7637052543003
07:32:00,0,0,0,370.0,0,0,,0,3285.164463051604,273.7637052543003
07:33:00,0,0,0,370.0,0,0,,0,3285.164463051604,273.7637052543003
07:34:00,0,0,0,370.0,0,0,,0,3285.164463051604,273.7637052543003
07:35:00,0,0,0,370.0,0,0,,0,3285.164463051604,273.7637052543003
07:36:00,0,0,0,370.0,0,0,,0,3285.164463051604,273.7637052543003
07:37:00,0,0,0,370.0,0,0,,0,3285.164463051604,273.7637052543003
07:38:00,0,0,0,370.0,0,0,,0,3285.164463051604,273.7637052543003
07:39:00,0,0,0,370.0,0,0,,0,3285.164463051604,273.7637052543003
07:40:00,0,0,0,370.0,0,0,,0,3285.164463051604,273.7637052543003
07:41:00,0,0,0,370.0,0,0,,0,3285.164463051604,273.7637052543003
07:42:00,0,0,0,370.0,0,0,,0,3285.164463051604,273.7637052543003
07:43:00,0,0,0,370.0,0,0,,0,3285.164463051604,273.7637052543003
07:44:00,0,0,0,370.0,0,0,,0,3285.164463051604,273.7637052543003
07:45:00,0,0,0,370.0,0,0,,0,3285.164463051604,273.7637052543003
07:46:00,0,0,0,370.0,0,0,,0,3285.164463051604,273.7637052543003
07:47:00,0,0,0,370.0,0,0,,0,3285.164463051604,273.7637052543003
07:48:00,0,0,0,370.0,0,0,,0,3285.164463051604,273.7637052543003
07:49:00,0,0,0,370.0,0,0,,0,3285.164463051604,273.7637052543003
07:50:00,0,0,0,370.0,0,0,,0,3285.164463051604,273.7637052543003
07:51:00,0,0,0,370.0,0,0,,0,3285.164463051604,273.7637052543003
07:52:00,0,0,0,370.0,0,0,,0,3285.164463051604,273.7637052543003
07:53:00,0,0,0,370.0,0,0,,0,3285.164463051604,273.7637052543003
07:54:00,0,0,0,370.0,0,0,,0,3285.164463051604,273.7637052543003
07:55:00,0,0,0,370.0,0,0,,0,3285.164463051604,273.7637052543003
07:56:00,0,0,0,370.0,0,0,,0,3285.164463051604,273.7637052543003
07:57:00,0,0,0,370.0,0,0,,0,3285.164463051604,273.7637052543003
07:58:00,0,0,0,370.0,0,0,,0,3285.164463051604,273.7637052543003
07:59:00,0,0,0,370.0,0,0,,0,3285.164463051604,273.7637052543003
08:00:00,0,0,0,370.0,0,0,,0,3285.164463051604,273.7637052543003
08:01:00,0,0,0,370.0,0,0,,0,3285.164463051604,273.7637052543003
08:02:00,0,0,0,370.0,0,0,,0,3285.164463051604,273.7637052543003
08:03:00,0,0,0,370.0,0,0,,0,3285.164463051604,273.7637052543003
08:04:00,0,0,0,370.0,0,0,,0,3285.164463051604,273.7637052543003
08:05:00,0,0,0,370.0,0,0,,0,3285.164463051604,273.7637052543003
08:06:00,0,0,0,370.0,0,0,,0,3285.164463051604,273.7637052543003
08:07:00,0,0,0,370.0,0,0,,0,3285.164463051604,273.7637052543003
08:08:00,0,0,0,370.0,0,0,,0,3285.164463051604,273.7637052543003
08:09:00,0,0,0,370.0,0,0,,0,3285.164463051604,273.7637052543003
08:10:00,0,0,0,370.0,0,0,,0,3285.164463051604,273.7637052543003
08:11:00,0,0,0,370.0,0,0,,0,3285.164463051604,273.7637052543003
08:12:00,0,0,0,370.0,0,0,,0,3285.164463051604,273.7637052543003
08:13:00,0,0,0,370.0,0,0,,0,3285.164463051604,273.7637052543003
08:14:00,0,0,0,370.0,0,0,,0,3285.164463051604,273.7637052543003
08:15:00,0,0,0,370.0,0,0,,0,3285.164463051604,273.7637052543003
08:16:00,0,0,0,370.0,0,0,,0,3285.164463051604,273.7637052543003
08:17:00,0,0,0,370.0,0,0,,0,3285.164463051604,273.7637052543003
08:18:00,0,0,0,370.0,0,0,,0,3285.164463051604,273.7637052543003
08:19:00,0,0,0,370.0,0,0,,0,3285.164463051604,273.7637052543003
08:20:00,0,0,0,370.0,0,0,,0,3285.164463051604,273.7637052543003
08:21:00,0,0,0,370.0,0,0,,0,3285.164463051604,273.7637052543003
08:22:00,0,0,0,370.0,0,0,,0,3285.164463051604,273.7637052543003
08:23:00,0,0,0,370.0,0,0,,0,3285.164463051604,273.7637052543003
08:24:00,0,0,0,370.0,0,0,,0,3285.164463051604,273.7637052543003
08:25:00,0,0,0,370.0,0,0,,0,3285.164463051604,273.7637052543003
08:26:00,0,0,0,370.0,0,0,,0,3285.164463051604,273.7637052543003
08:27:00,0,0,0,370.0,0,0,,0,3285.164463051604,273.7637052543003
08:28:00,0,0,0,370.0,0,0,,0,3285.164463051604,273.7637052543003
08:29:00,0,0,0,370.0,0,0,,0,3285.164463051604,273.7637052543003
08:30:00,0,0,0,370.0,0,0,,0,3285.164463051604,273.7637052543003
08:31:00,0,0,0,370.0,0,0,,0,3285.164463051604,273.7637052543003
08:32:00,0,0,0,370.0,0,0,,0,3285.164463051604,273.7637052543003
08:33:00,0,0,0,370.0,0,0,,0,3285.164463051604,273.7637052543003
08:34:00,0,0,0,370.0,0,0,,0,3285.164463051604,273.7637052543003
08:35:00,0,0,0,370.0,0,0,,0,3285.164463051604,273.7637052543003
08:36:00,0,0,0,370.0,0,0,,0,3285.164463051604,273.7637052543003
08:37:00,0,0,0,370.0,0,0,,0,3285.164463051604,273.7637052543003
08:38:00,0,0,0,370.0,0,0,,0,3285.164463051604,273.7637052543003
08:39:00,0,0,0,370.0,0,0,,0,3285.164463051604,273.7637052543003
08:40:00,0,0,0,370.0,0,0,,0,3285.164463051604,273.7637052543003
08:41:00,0,0,0,370.0,0,0,,0,3285.164463051604,273.7637052543003
08:42:00,0,0,0,370.0,0,0,,0,3285.164463051604,273.7637052543003
08:43:00,0,0,0,370.0,0,0,,0,3285.164463051604,273.7637052543003
08:44:00,0,0,0,370.0,0,0,,0,3285.164463051604,273.7637052543003
08:45:00,0,0,0,370.0,0,0,,0,3285.164463051604,273.7637052543003
08:46:00,0,0,0,370.0,0,0,,0,3285.164463051604,273.7637052543003
08:47:00,0,0,0,370.0,0,0,,0,3285.164463051604,273.7637052543003
08:48:00,0,0,0,370.0,0,0,,0,3285.164463051604,273.7637052543003
08:49:00,0,0,0,370.0,0,0,,0,3285.164463051604,273.7637052543003
08:50:00,0,0,0,370.0,0,0,,0,3285.164463051604,273.7637052543003
08:51:00,0,0,0,370.0,0,0,,0,3285.164463051604,273.7637052543003
08:52:00,0,0,0,370.0,0,0,,0,3285.164463051604,273.7637052543003
08:53:00,0,0,0,370.0,0,0,,0,3285.164463051604,273.7637052543003
08:54:00,0,0,0,370.0,0,0,,0,3285.164463051604,273.7637052543003
08:55:00,0,0,0,370.0,0,0,,0,3285.164463051604,273.7637052543003
08:56:00,0,0,0,370.0,0,0,,0,3285.164463051604,273.7637052543003
08:57:00,0,0,0,370.0,0,0,,0,3285.164463051604,273.7637052543003
08:58:00,0,0,0,370.0,0,0,,0,3285.164463051604,273.7637052543003
08:59:00,0,0,0,370.0,0,0,,0,3285.164463051604,273.7637052543003
09:00:00,0,0,0,370.0,0,0,,0,3285.164463051604,273.7637052543003
09:01:00,0,0,0,370.0,0,0,,0,3285.164463051604,273.7637052543003
09:02:00,0,0,0,370.0,0,0,,0,3285.164463051604,273.7637052543003
09:03:00,0,0,0,370.0,0,0,,0,3285.164463051604,273.7637052543003
09:04:00,0,0,0,370.0,0,0,,0,3285.164463051604,273.7637052543003
09:05:00,0,0,0,370.0,0,0,,0,3285.164463051604,273.7637052543003
09:06:00,0,0,0,370.0,0,0,,0,3285.164463051604,273.7637052543003
09:07:00,0,0,0,370.0,0,0,,0,3285.164463051604,273.7637052543003
09:08:00,0,0,0,370.0,0,0,,0,3285.164463051604,273.7637052543003
09:09:00,0,0,0,370.0,0,0,,0,3285.164463051604,273.7637052543003
09:10:00,0,0,0,370.0,0,0,,0,3285.164463051604,273.7637052543003
09:11:00,0,0,0,370.0,0,0,,0,3285.164463051604,273.7637052543003
09:12:00,0,0,0,370.0,0,0,,0,3285.164463051604,273.7637052543003
09:13:00,0,0,0,370.0,0,0,,0,3285.164463051604,273.7637052543003
09:14:00,0,0,0,370.0,0,0,,0,3285.164463051604,273.7637052543003
09:15:00,0,0,0,370.0,0,0,,0,3285.164463051604,273.7637052543003
09:16:00,0,0,0,370.0,0,0,,0,3285.164463051604,273.7637052543003
09:17:00,0,0,0,370.0,0,0,,0,3285.164463051604,273.7637052543003
09:18:00,0,0,0,370.0,0,0,,0,3285.164463051604,273.7637052543003
09:19:00,0,0,0,370.0,0,0,,0,3285.164463051604,273.7637052543003
09:20:00,0,0,0,370.0,0,0,,0,3285.164463051604,273.7637052543003
09:21:00,0,0,0,370.0,0,0,,0,3285.164463051604,273.7637052543003
09:22:00,0,0,0,370.0,0,0,,0,3285.164463051604,273.7637052543003
09:23:00,0,0,0,370.0,0,0,,0,3285.164463051604,273.7637052543003
09:24:00,0,0,0,370.0,0,0,,0,3285.164463051604,273.7637052543003
09:25:00,0,0,0,370.0,0,0,,0,3285.164463051604,273.7637052543003
09:26:00,0,0,0,370.0,0,0,,0,3285.164463051604,273.7637052543003
09:27:00,0,0,0,370.0,0,0,,0,3285.164463051604,273.7637052543003
09:28:00,0,0,0,370.0,0,0,,0,3285.164463051604,273.7637052543003
09:29:00,0,0,0,370.0,0,0,,0,3285.164463051604,273.7637052543003
09:30:00,0,0,0,370.0,0,0,,0,3285.164463051604,273.7637052543003
09:31:00,0,0,0,370.0,0,0,,0,3285.164463051604,273.7637052543003
09:32:00,0,0,0,370.0,0,0,,0,3285.164463051604,273.7637052543003
09:33:00,0,0,0,370.0,0,0,,0,3285.164463051604,273.7637052543003
09:34:00,0,0,0,370.0,0,0,,0,3285.164463051604,273.7637052543003
09:35:00,0,0,0,370.0,0,0,,0,3285.164463051604,273.7637052543003
09:36:00,0,0,0,370.0,0,0,,0,3285.164463051604,273.7637052543003
09:37:00,0,0,0,370.0,0,0,,0,3285.164463051604,273.7637052543003
09:38:00,0,0,0,370.0,0,0,,0,3285.164463051604,273.7637052543003
09:39:00,0,0,0,370.0,0,0,,0,3285.164463051604,273.7637052543003
09:40:00,0,0,0,370.0,0,0,,0,3285.164463051604,273.7637052543003
09:41:00,0,0,0,370.0,0,0,,0,3285.164463051604,273.7637052543003
09:42:00,0,0,0,370.0,0,0,,0,3285.164463051604,273.7637052543003
09:43:00,0,0,0,370.0,0,0,,0,3285.164463051604,273.7637052543003
09:44:00,0,0,0,370.0,0,0,,0,3285.164463051604,273.7637052543003
09:45:00,0,0,0,370.0,0,0,,0,3285.164463051604,273.7637052543003
09:46:00,0,0,0,370.0,0,0,,0,3285.164463051604,273.7637052543003
09:47:00,0,0,0,370.0,0,0,,0,3285.164463051604,273.7637052543003
09:48:00,0,0,0,370.0,0,0,,0,3285.164463051604,273.7637052543003
09:49:00,0,0,0,370.0,0,0,,0,3285.164463051604,273.7637052543003
09:50:00,0,0,0,370.0,0,0,,0,3285.164463051604,273.7637052543003
09:51:00,0,0,0,370.0,0,0,,0,3285.164463051604,273.7637052543003
09:52:00,0,0,0,370.0,0,0,,0,3285.164463051604,273.7637052543003
09:53:00,0,0,0,370.0,0,0,,0,3285.164463051604,273.7637052543003
09:54:00,0,0,0,370.0,0,0,,0,3285.164463051604,273.7637052543003
09:55:00,0,0,0,370.0,0,0,,0,3285.164463051604,273.7637052543003
09:56:00,0,0,0,370.0,0,0,,0,3285.164463051604,273.7637052543003
09:57:00,0,0,0,370.0,0,0,,0,3285.164463051604,273.7637052543003
09:58:00,0,0,0,370.0,0,0,,0,3285.164463051604,273.7637052543003
09:59:00,0,0,0,370.0,0,0,,0,3285.164463051604,273.7637052543003
10:00:00,0,0,0,370.0,0,0,,0,3285.164463051604,273.7637052543003
10:01:00,0,0,0,370.0,0,0,,0,3285.164463051604,273.7637052543003
10:02:00,0,0,0,370.0,0,0,,0,3285.164463051604,273.7637052543003
10:03:00,0,0,0,370.0,0,0,,0,3285.164463051604,273.7637052543003
10:04:00,0,0,0,370.0,0,0,,0,3285.164463051604,273.7637052543003
10:05:00,0,0,0,370.0,0,0,,0,3285.164463051604,273.7637052543003
10:06:00,0,0,0,370.0,0,0,,0,3285.164463051604,273.7637052543003
10:07:00,0,0,0,370.0,0,0,,0,3285.164463051604,273.7637052543003
10:08:00,0,0,0,370.0,0,0,,0,3285.164463051604,273.7637052543003
10:09:00,0,0,0,370.0,0,0,,0,3285.164463051604,273.7637052543003
10:10:00,0,0,0,370.0,0,0,,0,3285.164463051604,273.7637052543003
10:11:00,0,0,0,370.0,0,0,,0,3285.164463051604,273.7637052543003
10:12:00,0,0,0,370.0,0,0,,0,3285.164463051604,273.7637052543003
10:13:00,0,0,0,370.0,0,0,,0,3285.164463051604,273.7637052543003
10:14:00,0,0,0,370.0,0,0,,0,3285.164463051604,273.7637052543003
10:15:00,0,0,0,370.0,0,0,,0,3285.164463051604,273.7637052543003
10:16:00,0,0,0,370.0,0,0,,0,3285.164463051604,273.7637052543003
10:17:00,0,0,0,370.0,0,0,,0,3285.164463051604,273.7637052543003
10:18:00,0,0,0,370.0,0,0,,0,3285.164463051604,273.7637052543003
10:19:00,0,0,0,370.0,0,0,,0,3285.164463051604,273.7637052543003
10:20:00,0,0,0,370.0,0,0,,0,3285.164463051604,273.7637052543003
10:21:00,0,0,0,370.0,0,0,,0,3285.164463051604,273.7637052543003
10:22:00,0,0,0,370.0,0,0,,0,3285.164463051604,273.7637052543003
10:23:00,0,0,0,370.0,0,0,,0,3285.164463051604,273.7637052543003
10:24:00,0,0,0,370.0,0,0,,0,3285.164463051604,273.7637052543003
10:25:00,0,0,0,370.0,0,0,,0,3285.164463051604,273.7637052543003
10:26:00,0,0,0,370.0,0,0,,0,3285.164463051604,273.7637052543003
10:27:00,0,0,0,370.0,0,0,,0,3285.164463051604,273.7637052543003
10:28:00,0,0,0,370.0,0,0,,0,3285.164463051604,273.7637052543003
10:29:00,0,0,0,370.0,0,0,,0,3285.164463051604,273.7637052543003
10:30:00,0,0,0,370.0,0,0,,0,3285.164463051604,273.7637052543003
10:31:00,0,0,0,370.0,0,0,,0,3285.164463051604,273.7637052543003
10:32:00,0,0,0,370.0,0,0,,0,3285.164463051604,273.7637052543003
10:33:00,0,0,0,370.0,0,0,,0,3285.164463051604,273.7637052543003
10:34:00,0,0,0,370.0,0,0,,0,3285.164463051604,273.7637052543003
10:35:00,0,0,0,370.0,0,0,,0,3285.164463051604,273.7637052543003
10:36:00,0,0,0,370.0,0,0,,0,3285.164463051604,273.7637052543003
10:37:00,0,0,0,370.0,0,0,,0,3285.164463051604,273.7637052543003
10:38:00,0,0,0,370.0,0,0,,0,3285.164463051604,273.7637052543003
10:39:00,0,0,0,370.0,0,0,,0,3285.164463051604,273.7637052543003
10:40:00,0,0,0,370.0,0,0,,0,3285.164463051604,273.7637052543003
10:41:00,0,0,0,370.0,0,0,,0,3285.164463051604,273.7637052543003
10:42:00,0,0,0,370.0,0,0,,0,3285.164463051604,273.7637052543003
10:43:00,0,0,0,370.0,0,0,,0,3285.164463051604,273.7637052543003
10:44:00,0,0,0,370.0,0,0,,0,3285.164463051604,273.7637052543003
10:45:00,0,0,0,370.0,0,0,,0,3285.164463051604,273.7637052543003
10:46:00,0,0,0,370.0,0,0,,0,3285.164463051604,273.7637052543003
10:47:00,0,0,0,370.0,0,0,,0,3285.164463051604,273.7637052543003
10:48:00,0,0,0,370.0,0,0,,0,3285.164463051604,273.7637052543003
10:49:00,0,0,0,370.0,0,0,,0,3285.164463051604,273.7637052543003
10:50:00,0,0,0,370.0,0,0,,0,3285.164463051604,273.7637052543003
10:51:00,0,0,0,370.0,0,0,,0,3285.164463051604,273.7637052543003
10:52:00,0,0,0,370.0,0,0,,0,3285.164463051604,273.7637052543003
10:53:00,0,0,0,370.0,0,0,,0,3285.164463051604,273.7637052543003
10:54:00,0,0,0,370.0,0,0,,0,3285.164463051604,273.7637052543003
10:55:00,0,0,0,370.0,0,0,,0,3285.164463051604,273.7637052543003
10:56:00,0,0,0,370.0,0,0,,0,3285.164463051604,273.7637052543003
10:57:00,0,0,0,370.0,0,0,,0,3285.164463051604,273.7637052543003
10:58:00,0,0,0,370.0,0,0,,0,3285.164463051604,273.7637052543003
10:59:00,0,0,0,370.0,0,0,,0,3285.164463051604,273.7637052543003
11:00:00,0,0,0,370.0,0,0,,0,3285.164463051604,273.7637052543003
11:01:00,0,0,0,370.0,0,0,,0,3285.164463051604,273.7637052543003
11:02:00,0,0,0,370.0,0,0,,0,3285.164463051604,273.7637052543003
11:03:00,0,0,0,370.0,0,0,,0,3285.164463051604,273.7637052543003
11:04:00,0,0,0,370.0,0,0,,0,3285.164463051604,273.7637052543003
11:05:00,0,0,0,370.0,0,0,,0,3285.164463051604,273.7637052543003
11:06:00,0,0,0,370.0,0,0,,0,3285.164463051604,273.7637052543003
11:07:00,0,0,0,370.0,0,0,,0,3285.164463051604,273.7637052543003
11:08:00,0,0,0,370.0,0,0,,0,3285.164463051604,273.7637052543003
11:09:00,0,0,0,370.0,0,0,,0,3285.164463051604,273.7637052543003
11:10:00,0,0,0,370.0,0,0,,0,3285.164463051604,273.7637052543003
11:11:00,0,0,0,370.0,0,0,,0,3285.164463051604,273.7637052543003
11:12:00,0,0,0,370.0,0,0,,0,3285.164463051604,273.7637052543003
11:13:00,0,0,0,370.0,0,0,,0,3285.164463051604,273.7637052543003
11:14:00,0,0,0,370.0,0,0,,0,3285.164463051604,273.7637052543003
11:15:00,0,0,0,370.0,0,0,,0,3285.164463051604,273.7637052543003
11:16:00,0,0,0,370.0,0,0,,0,3285.164463051604,273.7637052543003
11:17:00,0,0,0,370.0,0,0,,0,3285.164463051604,273.7637052543003
11:18:00,0,0,0,370.0,0,0,,0,3285.164463051604,273.7637052543003
11:19:00,0,0,0,370.0,0,0,,0,3285.164463051604,273.7637052543003
11:20:00,0,0,0,370.0,0,0,,0,3285.164463051604,273.7637052543003
11:21:00,0,0,0,370.0,0,0,,0,3285.164463051604,273.7637052543003
11:22:00,0,0,0,370.0,0,0,,0,3285.164463051604,273.7637052543003
11:23:00,0,0,0,370.0,0,0,,0,3285.164463051604,273.7637052543003
11:24:00,0,0,0,370.0,0,0,,0,3285.164463051604,273.7637052543003
11:25:00,0,0,0,370.0,0,0,,0,3285.164463051604,273.7637052543003
11:26:00,0,0,0,370.0,0,0,,0,3285.164463051604,273.7637052543003
11:27:00,0,0,0,370.0,0,0,,0,3285.164463051604,273.7637052543003
11:28:00,0,0,0,370.0,0,0,,0,3285.164463051604,273.7637052543003
11:29:00,0,0,0,370.0,0,0,,0,3285.164463051604,273.7637052543003
11:30:00,0,0,0,370.0,0,0,,0,3285.164463051604,273.7637052543003
11:31:00,0,0,0,370.0,0,0,,0,3285.164463051604,273.7637052543003
11:32:00,0,0,0,370.0,0,0,,0,3285.164463051604,273.7637052543003
11:33:00,0,0,0,370.0,0,0,,0,3285.164463051604,273.7637052543003
11:34:00,0,0,0,370.0,0,0,,0,3285.164463051604,273.7637052543003
11:35:00,0,0,0,370.0,0,0,,0,3285.164463051604,273.7637052543003
11:36:00,0,0,0,370.0,0,0,,0,3285.164463051604,273.7637052543003
11:37:00,0,0,0,370.0,0,0,,0,3285.164463051604,273.7637052543003
11:38:00,0,0,0,370.0,0,0,,0,3285.164463051604,273.7637052543003
11:39:00,0,0,0,370.0,0,0,,0,3285.164463051604,273.7637052543003
11:40:00,0,0,0,370.0,0,0,,0,3285.164463051604,273.7637052543003
11:41:00,0,0,0,370.0,0,0,,0,3285.164463051604,273.7637052543003
11:42:00,0,0,0,370.0,0,0,,0,3285.164463051604,273.7637052543003
11:43:00,0,0,0,370.0,0,0,,0,3285.164463051604,273.7637052543003
11:44:00,0,0,0,370.0,0,0,,0,3285.164463051604,273.7637052543003
11:45:00,0,0,0,370.0,0,0,,0,3285.164463051604,273.7637052543003
11:46:00,0,0,0,370.0,0,0,,0,3285.164463051604,273.7637052543003
11:47:00,0,0,0,370.0,0,0,,0,3285.164463051604,273.7637052543003
11:48:00,0,0,0,370.0,0,0,,0,3285.164463051604,273.7637052543003
11:49:00,0,0,0,370.0,0,0,,0,3285.164463051604,273.7637052543003
11:50:00,0,0,0,370.0,0,0,,0,3285.164463051604,273.7637052543003
11:51:00,0,0,0,370.0,0,0,,0,3285.164463051604,273.7637052543003
11:52:00,0,0,0,370.0,0,0,,0,3285.164463051604,273.7637052543003
11:53:00,0,0,0,370.0,0,0,,0,3285.164463051604,273.7637052543003
11:54:00,0,0,0,370.0,0,0,,0,3285.164463051604,273.7637052543003
11:55:00,0,0,0,370.0,0,0,,0,3285.164463051604,273.7637052543003
11:56:00,0,0,0,370.0,0,0,,0,3285.164463051604,273.7637052543003
11:57:00,0,0,0,370.0,0,0,,0,3285.164463051604,273.7637052543003
11:58:00,0,0,0,370.0,0,0,,0,3285.164463051604,273.7637052543003
11:59:00,0,0,0,370.0,0,0,,0,3285.164463051604,273.7637052543003
12:00:00,0,0,0,370.0,0,0,,0,3285.164463051604,273.7637052543003
12:01:00,0,0,0,370.0,0,0,,0,3285.164463051604,273.7637052543003
12:02:00,0,0,0,370.0,0,0,,0,3285.164463051604,273.7637052543003
12:03:00,0,0,0,370.0,0,0,,0,3285.164463051604,273.7637052543003
12:04:00,0,0,0,370.0,0,0,,0,3285.164463051604,273.7637052543003
12:05:00,0,0,0,370.0,0,0,,0,3285.164463051604,273.7637052543003
12:06:00,0,0,0,370.0,0,0,,0,3285.164463051604,273.7637052543003
12:07:00,0,0,0,370.0,0,0,,0,3285.164463051604,273.7637052543003
12:08:00,0,0,0,370.0,0,0,,0,3285.164463051604,273.7637052543003
12:09:00,0,0,0,370.0,0,0,,0,3285.164463051604,273.7637052543003
12:10:00,0,0,0,370.0,0,0,,0,3285.164463051604,273.7637052543003
12:11:00,0,0,0,370.0,0,0,,0,3285.164463051604,273.7637052543003
12:12:00,0,0,0,370.0,0,0,,0,3285.164463051604,273.7637052543003
12:13:00,0,0,0,370.0,0,0,,0,3285.164463051604,273.7637052543003
12:14:00,0,0,0,370.0,0,0,,0,3285.164463051604,273.7637052543003
12:15:00,0,0,0,370.0,0,0,,0,3285.164463051604,273.7637052543003
12:16:00,0,0,0,370.0,0,0,,0,3285.164463051604,273.7637052543003
12:17:00,0,0,0,370.0,0,0,,0,3285.164463051604,273.7637052543003
12:18:00,0,0,0,370.0,0,0,,0,3285.164463051604,273.7637052543003
12:19:00,0,0,0,370.0,0,0,,0,3285.164463051604,273.7637052543003
12:20:00,0,0,0,370.0,0,0,,0,3285.164463051604,273.7637052543003
12:21:00,0,0,0,370.0,0,0,,0,3285.164463051604,273.7637052543003
12:22:00,0,0,0,370.0,0,0,,0,3285.164463051604,273.7637052543003
12:23:00,0,0,0,370.0,0,0,,0,3285.164463051604,273.7637052543003
12:24:00,0,0,0,370.0,0,0,,0,3285.164463051604,273.7637052543003
12:25:00,0,0,0,370.0,0,0,,0,3285.164463051604,273.7637052543003
12:26:00,0,0,0,370.0,0,0,,0,3285.164463051604,273.7637052543003
12:27:00,0,0,0,370.0,0,0,,0,3285.164463051604,273.7637052543003
12:28:00,0,0,0,370.0,0,0,,0,3285.164463051604,273.7637052543003
12:29:00,0,0,0,370.0,0,0,,0,3285.164463051604,273.7637052543003
12:30:00,0,0,0,370.0,0,0,,0,3285.164463051604,273.7637052543003
12:31:00,0,0,0,370.0,0,0,,0,3285.164463051604,273.7637052543003
12:32:00,0,0,0,370.0,0,0,,0,3285.164463051604,273.7637052543003
12:33:00,0,0,0,370.0,0,0,,0,3285.164463051604,273.7637052543003
12:34:00,0,0,0,370.0,0,0,,0,3285.164463051604,273.7637052543003
12:35:00,0,0,0,370.0,0,0,,0,3285.164463051604,273.7637052543003
12:36:00,0,0,0,370.0,0,0,,0,3285.164463051604,273.7637052543003
12:37:00,0,0,0,370.0,0,0,,0,3285.164463051604,273.7637052543003
12:38:00,0,0,0,370.0,0,0,,0,3285.164463051604,273.7637052543003
12:39:00,0,0,0,370.0,0,0,,0,3285.164463051604,273.7637052543003
12:40:00,0,0,0,370.0,0,0,,0,3285.164463051604,273.7637052543003
12:41:00,0,0,0,370.0,0,0,,0,3285.164463051604,273.7637052543003
12:42:00,0,0,0,370.0,0,0,,0,3285.164463051604,273.7637052543003
12:43:00,0,0,0,370.0,0,0,,0,3285.164463051604,273.7637052543003
12:44:00,0,0,0,370.0,0,0,,0,3285.164463051604,273.7637052543003
12:45:00,0,0,0,370.0,0,0,,0,3285.164463051604,273.7637052543003
12:46:00,0,0,0,370.0,0,0,,0,3285.164463051604,273.7637052543003
12:47:00,0,0,0,370.0,0,0,,0,3285.164463051604,273.7637052543003
12:48:00,0,0,0,370.0,0,0,,0,3285.164463051604,273.7637052543003
12:49:00,0,0,0,370.0,0,0,,0,3285.164463051604,273.7637052543003
12:50:00,0,0,0,370.0,0,0,,0,3285.164463051604,273.7637052543003
12:51:00,0,0,0,370.0,0,0,,0,3285.164463051604,273.7637052543003
12:52:00,0,0,0,370.0,0,0,,0,3285.164463051604,273.7637052543003
12:53:00,0,0,0,370.0,0,0,,0,3285.164463051604,273.7637052543003
12:54:00,0,0,0,370.0,0,0,,0,3285.164463051604,273.7637052543003
12:55:00,0,0,0,370.0,0,0,,0,3285.164463051604,273.7637052543003
12:56:00,0,0,0,370.0,0,0,,0,3285.164463051604,273.7637052543003
12:57:00,0,0,0,370.0,0,0,,0,3285.164463051604,273.7637052543003
12:58:00,0,0,0,370.0,0,0,,0,3285.164463051604,273.7637052543003
12:59:00,0,0,0,370.0,0,0,,0,3285.164463051604,273.7637052543003
13:00:00,0,0,0,370.0,0,0,,0,3285.164463051604,273.7637052543003
13:01:00,0,0,0,370.0,0,0,,0,3285.164463051604,273.7637052543003
13:02:00,0,0,0,370.0,0,0,,0,3285.164463051604,273.7637052543003
13:03:00,0,0,0,370.0,0,0,,0,3285.164463051604,273.7637052543003
13:04:00,0,0,0,370.0,0,0,,0,3285.164463051604,273.7637052543003
13:05:00,0,0,0,370.0,0,0,,0,3285.164463051604,273.7637052543003
13:06:00,0,0,0,370.0,0,0,,0,3285.164463051604,273.7637052543003
13:07:00,0,0,0,370.0,0,0,,0,3285.164463051604,273.7637052543003
13:08:00,0,0,0,370.0,0,0,,0,3285.164463051604,273.7637052543003
13:09:00,0,0,0,370.0,0,0,,0,3285.164463051604,273.7637052543003
13:10:00,0,0,0,370.0,0,0,,0,3285.164463051604,273.7637052543003
13:11:00,0,0,0,370.0,0,0,,0,3285.164463051604,273.7637052543003
13:12:00,0,0,0,370.0,0,0,,0,3285.164463051604,273.7637052543003
13:13:00,0,0,0,370.0,0,0,,0,3285.164463051604,273.7637052543003
13:14:00,0,0,0,370.0,0,0,,0,3285.164463051604,273.7637052543003
13:15:00,0,0,0,370.0,0,0,,0,3285.164463051604,273.7637052543003
13:16:00,0,0,0,370.0,0,0,,0,3285.164463051604,273.7637052543003
13:17:00,0,0,0,370.0,0,0,,0,3285.164463051604,273.7637052543003
13:18:00,0,0,0,370.0,0,0,,0,3285.164463051604,273.7637052543003
13:19:00,0,0,0,370.0,0,0,,0,3285.164463051604,273.7637052543003
13:20:00,0,0,0,370.0,0,0,,0,3285.164463051604,273.7637052543003
13:21:00,0,0,0,370.0,0,0,,0,3285.164463051604,273.7637052543003
13:22:00,0,0,0,370.0,0,0,,0,3285.164463051604,273.7637052543003
13:23:00,0,0,0,370.0,0,0,,0,3285.164463051604,273.7637052543003
13:24:00,0,0,0,370.0,0,0,,0,3285.164463051604,273.7637052543003
13:25:00,0,0,0,370.0,0,0,,0,3285.164463051604,273.7637052543003
13:26:00,0,0,0,370.0,0,0,,0,3285.164463051604,273.7637052543003
13:27:00,0,0,0,370.0,0,0,,0,3285.164463051604,273.7637052543003
13:28:00,0,0,0,370.0,0,0,,0,3285.164463051604,273.7637052543003
13:29:00,0,0,0,370.0,0,0,,0,3285.164463051604,273.7637052543003
13:30:00,0,0,0,370.0,0,0,,0,3285.164463051604,273.7637052543003
13:31:00,0,0,0,370.0,0,0,,0,3285.164463051604,273.7637052543003
13:32:00,0,0,0,370.0,0,0,,0,3285.164463051604,273.7637052543003
13:33:00,0,0,0,370.0,0,0,,0,3285.164463051604,273.7637052543003
13:34:00,0,0,0,370.0,0,0,,0,3285.164463051604,273.7637052543003
13:35:00,0,0,0,370.0,0,0,,0,3285.164463051604,273.7637052543003
13:36:00,0,0,0,370.0,0,0,,0,3285.164463051604,273.7637052543003
13:37:00,0,0,0,370.0,0,0,,0,3285.164463051604,273.7637052543003
13:38:00,0,0,0,370.0,0,0,,0,3285.164463051604,273.7637052543003
13:39:00,0,0,0,370.0,0,0,,0,3285.164463051604,273.7637052543003
13:40:00,0,0,0,370.0,0,0,,0,3285.164463051604,273.7637052543003
13:41:00,0,0,0,370.0,0,0,,0,3285.164463051604,273.7637052543003
13:42:00,0,0,0,370.0,0,0,,0,3285.164463051604,273.7637052543003
13:43:00,0,0,0,370.0,0,0,,0,3285.164463051604,273.7637052543003
13:44:00,0,0,0,370.0,0,0,,0,3285.164463051604,273.7637052543003
13:45:00,0,0,0,370.0,0,0,,0,3285.164463051604,273.7637052543003
13:46:00,0,0,0,370.0,0,0,,0,3285.164463051604,273.7637052543003
13:47:00,0,0,0,370.0,0,0,,0,3285.164463051604,273.7637052543003
13:48:00,0,0,0,370.0,0,0,,0,3285.164463051604,273.7637052543003
13:49:00,0,0,0,370.0,0,0,,0,3285.164463051604,273.7637052543003
13:50:00,0,0,0,370.0,0,0,,0,3285.164463051604,273.7637052543003
13:51:00,0,0,0,370.0,0,0,,0,3285.164463051604,273.7637052543003
13:52:00,0,0,0,370.0,0,0,,0,3285.164463051604,273.7637052543003
13:53:00,0,0,0,370.0,0,0,,0,3285.164463051604,273.7637052543003
13:54:00,0,0,0,370.0,0,0,,0,3285.164463051604,273.7637052543003
13:55:00,0,0,0,370.0,0,0,,0,3285.164463051604,273.7637052543003
13:56:00,0,0,0,370.0,0,0,,0,3285.164463051604,273.7637052543003
13:57:00,0,0,0,370.0,0,0,,0,3285.164463051604,273.7637052543003
13:58:00,0,0,0,370.0,0,0,,0,3285.164463051604,273.7637052543003
13:59:00,0,0,0,370.0,0,0,,0,3285.164463051604,273.7637052543003
14:00:00,0,0,0,370.0,0,0,,0,3285.164463051604,273.7637052543003
14:01:00,0,0,0,370.0,0,0,,0,3285.164463051604,273.7637052543003
14:02:00,0,0,0,370.0,0,0,,0,3285.164463051604,273.7637052543003
14:03:00,0,0,0,370.0,0,0,,0,3285.164463051604,273.7637052543003
14:04:00,0,0,0,370.0,0,0,,0,3285.164463051604,273.7637052543003
14:05:00,0,0,0,370.0,0,0,,0,3285.164463051604,273.7637052543003
14:06:00,0,0,0,370.0,0,0,,0,3285.164463051604,273.7637052543003
14:07:00,0,0,0,370.0,0,0,,0,3285.164463051604,273.7637052543003
14:08:00,0,0,0,370.0,0,0,,0,3285.164463051604,273.7637052543003
14:09:00,0,0,0,370.0,0,0,,0,3285.164463051604,273.7637052543003
14:10:00,0,0,0,370.0,0,0,,0,3285.164463051604,273.7637052543003
14:11:00,0,0,0,370.0,0,0,,0,3285.164463051604,273.7637052543003
14:12:00,0,0,0,370.0,0,0,,0,3285.164463051604,273.7637052543003
14:13:00,0,0,0,370.0,0,0,,0,3285.164463051604,273.7637052543003
14:14:00,0,0,0,370.0,0,0,,0,3285.164463051604,273.7637052543003
14:15:00,0,0,0,370.0,0,0,,0,3285.164463051604,273.7637052543003
14:16:00,0,0,0,370.0,0,0,,0,3285.164463051604,273.7637052543003
14:17:00,0,0,0,370.0,0,0,,0,3285.164463051604,273.7637052543003
14:18:00,0,0,0,370.0,0,0,,0,3285.164463051604,273.7637052543003
14:19:00,0,0,0,370.0,0,0,,0,3285.164463051604,273.7637052543003
14:20:00,0,0,0,370.0,0,0,,0,3285.164463051604,273.7637052543003
14:21:00,0,0,0,370.0,0,0,,0,3285.164463051604,273.7637052543003
14:22:00,0,0,0,370.0,0,0,,0,3285.164463051604,273.7637052543003
14:23:00,0,0,0,370.0,0,0,,0,3285.164463051604,273.7637052543003
14:24:00,0,0,0,370.0,0,0,,0,3285.164463051604,273.7637052543003
14:25:00,0,0,0,370.0,0,0,,0,3285.164463051604,273.7637052543003
14:26:00,0,0,0,370.0,0,0,,0,3285.164463051604,273.7637052543003
14:27:00,0,0,0,370.0,0,0,,0,3285.164463051604,273.7637052543003
14:28:00,0,0,0,370.0,0,0,,0,3285.164463051604,273.7637052543003
14:29:00,0,0,0,370.0,0,0,,0,3285.164463051604,273.7637052543003
14:30:00,0,0,0,370.0,0,0,,0,3285.164463051604,273.7637052543003
14:31:00,0,0,0,370.0,0,0,,0,3285.164463051604,273.7637052543003
14:32:00,0,0,0,370.0,0,0,,0,3285.164463051604,273.7637052543003
14:33:00,0,0,0,370.0,0,0,,0,3285.164463051604,273.7637052543003
14:34:00,0,0,0,370.0,0,0,,0,3285.164463051604,273.7637052543003
14:35:00,0,0,0,370.0,0,0,,0,3285.164463051604,273.7637052543003
14:36:00,0,0,0,370.0,0,0,,0,3285.164463051604,273.7637052543003
14:37:00,0,0,0,370.0,0,0,,0,3285.164463051604,273.7637052543003
14:38:00,0,0,0,370.0,0,0,,0,3285.164463051604,273.7637052543003
14:39:00,0,0,0,370.0,0,0,,0,3285.164463051604,273.7637052543003
14:40:00,0,0,0,370.0,0,0,,0,3285.164463051604,273.7637052543003
14:41:00,0,0,0,370.0,0,0,,0,3285.164463051604,273.7637052543003
14:42:00,0,0,0,370.0,0,0,,0,3285.164463051604,273.7637052543003
14:43:00,0,0,0,370.0,0,0,,0,3285.164463051604,273.7637052543003
14:44:00,0,0,0,370.0,0,0,,0,3285.164463051604,273.7637052543003
14:45:00,0,0,0,370.0,0,0,,0,3285.164463051604,273.7637052543003
14:46:00,0,0,0,370.0,0,0,,0,3285.164463051604,273.7637052543003
14:47:00,0,0,0,370.0,0,0,,0,3285.164463051604,273.7637052543003
14:48:00,0,0,0,370.0,0,0,,0,3285.164463051604,273.7637052543003
14:49:00,0,0,0,370.0,0,0,,0,3285.164463051604,273.7637052543003
14:50:00,0,0,0,370.0,0,0,,0,3285.164463051604,273.7637052543003
14:51:00,0,0,0,370.0,0,0,,0,3285.164463051604,273.7637052543003
14:52:00,0,0,0,370.0,0,0,,0,3285.164463051604,273.7637052543003
14:53:00,0,0,0,370.0,0,0,,0,3285.164463051604,273.7637052543003
14:54:00,0,0,0,370.0,0,0,,0,3285.164463051604,273.7637052543003
14:55:00,0,0,0,370.0,0,0,,0,3285.164463051604,273.7637052543003
14:56:00,0,0,0,370.0,0,0,,0,3285.164463051604,273.7637052543003
14:57:00,0,0,0,370.0,0,0,,0,3285.164463051604,273.7637052543003
14:58:00,0,0,0,370.0,0,0,,0,3285.164463051604,273.7637052543003
14:59:00,0,0,0,370.0,0,0,,0,3285.164463051604,273.7637052543003
15:00:00,0,0,0,370.0,0,0,,0,3285.164463051604,273.7637052543003
15:01:00,0,0,0,370.0,0,0,,0,3285.164463051604,273.7637052543003
15:02:00,0,0,0,370.0,0,0,,0,3285.164463051604,273.7637052543003
15:03:00,0,0,0,370.0,0,0,,0,3285.164463051604,273.7637052543003
15:04:00,0,0,0,370.0,0,0,,0,3285.164463051604,273.7637052543003
15:05:00,0,0,0,370.0,0,0,,0,3285.164463051604,273.7637052543003
15:06:00,0,0,0,370.0,0,0,,0,3285.164463051604,273.7637052543003
15:07:00,0,0,0,370.0,0,0,,0,3285.164463051604,273.7637052543003
15:08:00,0,0,0,370.0,0,0,,0,3285.164463051604,273.7637052543003
15:09:00,0,0,0,370.0,0,0,,0,3285.164463051604,273.7637052543003
15:10:00,0,0,0,370.0,0,0,,0,3285.164463051604,273.7637052543003
15:11:00,0,0,0,370.0,0,0,,0,3285.164463051604,273.7637052543003
15:12:00,0,0,0,370.0,0,0,,0,3285.164463051604,273.7637052543003
15:13:00,0,0,0,370.0,0,0,,0,3285.164463051604,273.7637052543003
15:14:00,0,0,0,370.0,0,0,,0,3285.164463051604,273.7637052543003
15:15:00,0,0,0,370.0,0,0,,0,3285.164463051604,273.7637052543003
15:16:00,0,0,0,370.0,0,0,,0,3285.164463051604,273.7637052543003
15:17:00,0,0,0,370.0,0,0,,0,3285.164463051604,273.7637052543003
15:18:00,0,0,0,370.0,0,0,,0,3285.164463051604,273.7637052543003
15:19:00,0,0,0,370.0,0,0,,0,3285.164463051604,273.7637052543003
15:20:00,0,0,0,370.0,0,0,,0,3285.164463051604,273.7637052543003
15:21:00,0,0,0,370.0,0,0,,0,3285.164463051604,273.7637052543003
15:22:00,0,0,0,370.0,0,0,,0,3285.164463051604,273.7637052543003
15:23:00,0,0,0,370.0,0,0,,0,3285.164463051604,273.7637052543003
15:24:00,0,0,0,370.0,0,0,,0,3285.164463051604,273.7637052543003
15:25:00,0,0,0,370.0,0,0,,0,3285.164463051604,273.7637052543003
15:26:00,0,0,0,370.0,0,0,,0,3285.164463051604,273.7637052543003
15:27:00,0,0,0,370.0,0,0,,0,3285.164463051604,273.7637052543003
15:28:00,0,0,0,370.0,0,0,,0,3285.164463051604,273.7637052543003
15:29:00,0,0,0,370.0,0,0,,0,3285.164463051604,273.7637052543003
15:30:00,0,0,0,370.0,0,0,,0,3285.164463051604,273.7637052543003
15:31:00,0,0,0,370.0,0,0,,0,3285.164463051604,273.7637052543003
15:32:00,0,0,0,370.0,0,0,,0,3285.164463051604,273.7637052543003
15:33:00,0,0,0,370.0,0,0,,0,3285.164463051604,273.7637052543003
15:34:00,0,0,0,370.0,0,0,,0,3285.164463051604,273.7637052543003
15:35:00,0,0,0,370.0,0,0,,0,3285.164463051604,273.7637052543003
15:36:00,0,0,0,370.0,0,0,,0,3285.164463051604,273.7637052543003
15:37:00,0,0,0,370.0,0,0,,0,3285.164463051604,273.7637052543003
15:38:00,0,0,0,370.0,0,0,,0,3285.164463051604,273.7637052543003
15:39:00,0,0,0,370.0,0,0,,0,3285.164463051604,273.7637052543003
15:40:00,0,0,0,370.0,0,0,,0,3285.164463051604,273.7637052543003
15:41:00,0,0,0,370.0,0,0,,0,3285.164463051604,273.7637052543003
15:42:00,0,0,0,370.0,0,0,,0,3285.164463051604,273.7637052543003
15:43:00,0,0,0,370.0,0,0,,0,3285.164463051604,273.7637052543003
15:44:00,0,0,0,370.0,0,0,,0,3285.164463051604,273.7637052543003
15:45:00,0,0,0,370.0,0,0,,0,3285.164463051604,273.7637052543003
15:46:00,0,0,0,370.0,0,0,,0,3285.164463051604,273.7637052543003
15:47:00,0,0,0,370.0,0,0,,0,3285.164463051604,273.7637052543003
15:48:00,0,0,0,370.0,0,0,,0,3285.164463051604,273.7637052543003
15:49:00,0,0,0,370.0,0,0,,0,3285.164463051604,273.7637052543003
15:50:00,0,0,0,370.0,0,0,,0,3285.164463051604,273.7637052543003
15:51:00,0,0,0,370.0,0,0,,0,3285.164463051604,273.7637052543003
15:52:00,0,0,0,370.0,0,0,,0,3285.164463051604,273.7637052543003
15:53:00,0,0,0,370.0,0,0,,0,3285.164463051604,273.7637052543003
15:54:00,0,0,0,370.0,0,0,,0,3285.164463051604,273.7637052543003
15:55:00,0,0,0,370.0,0,0,,0,3285.164463051604,273.7637052543003
15:56:00,0,0,0,370.0,0,0,,0,3285.164463051604,273.7637052543003
15:57:00,0,0,0,370.0,0,0,,0,3285.164463051604,273.7637052543003
15:58:00,0,0,0,370.0,0,0,,0,3285.164463051604,273.7637052543003
15:59:00,0,0,0,370.0,0,0,,0,3285.164463051604,273.7637052543003
16:00:00,0,0,0,370.0,0,0,,0,3285.164463051604,273.7637052543003
16:01:00,0,0,0,370.0,0,0,,0,3285.164463051604,273.7637052543003
16:02:00,0,0,0,370.0,0,0,,0,3285.164463051604,273.7637052543003
16:03:00,0,0,0,370.0,0,0,,0,3285.164463051604,273.7637052543003
16:04:00,0,0,0,370.0,0,0,,0,3285.164463051604,273.7637052543003
16:05:00,0,0,0,370.0,0,0,,0,3285.164463051604,273.7637052543003
16:06:00,0,0,0,370.0,0,0,,0,3285.164463051604,273.7637052543003
16:07:00,0,0,0,370.0,0,0,,0,3285.164463051604,273.7637052543003
16:08:00,0,0,0,370.0,0,0,,0,3285.164463051604,273.7637052543003
16:09:00,0,0,0,370.0,0,0,,0,3285.164463051604,273.7637052543003
16:10:00,0,0,0,370.0,0,0,,0,3285.164463051604,273.7637052543003
16:11:00,0,0,0,370.0,0,0,,0,3285.164463051604,273.7637052543003
16:12:00,0,0,0,370.0,0,0,,0,3285.164463051604,273.7637052543003
16:13:00,0,0,0,370.0,0,0,,0,3285.164463051604,273.7637052543003
16:14:00,0,0,0,370.0,0,0,,0,3285.164463051604,273.7637052543003
16:15:00,0,0,0,370.0,0,0,,0,3285.164463051604,273.7637052543003
16:16:00,0,0,0,370.0,0,0,,0,3285.164463051604,273.7637052543003
16:17:00,0,0,0,370.0,0,0,,0,3285.164463051604,273.7637052543003
16:18:00,0,0,0,370.0,0,0,,0,3285.164463051604,273.7637052543003
16:19:00,0,0,0,370.0,0,0,,0,3285.164463051604,273.7637052543003
16:20:00,0,0,0,370.0,0,0,,0,3285.164463051604,273.7637052543003
16:21:00,0,0,0,370.0,0,0,,0,3285.164463051604,273.7637052543003
16:22:00,0,0,0,370.0,0,0,,0,3285.164463051604,273.7637052543003
16:23:00,0,0,0,370.0,0,0,,0,3285.164463051604,273.7637052543003
16:24:00,0,0,0,370.0,0,0,,0,3285.164463051604,273.7637052543003
16:25:00,0,0,0,370.0,0,0,,0,3285.164463051604,273.7637052543003
16:26:00,0,0,0,370.0,0,0,,0,3285.164463051604,273.7637052543003
16:27:00,0,0,0,370.0,0,0,,0,3285.164463051604,273.7637052543003
16:28:00,0,0,0,370.0,0,0,,0,3285.164463051604,273.7637052543003
16:29:00,0,0,0,370.0,0,0,,0,3285.164463051604,273.7637052543003
16:30:00,0,0,0,370.0,0,0,,0,3285.164463051604,273.7637052543003
16:31:00,0,0,0,370.0,0,0,,0,3285.164463051604,273.7637052543003
16:32:00,0,0,0,370.0,0,0,,0,3285.164463051604,273.7637052543003
16:33:00,0,0,0,370.0,0,0,,0,3285.164463051604,273.7637052543003
16:34:00,0,0,0,370.0,0,0,,0,3285.164463051604,273.7637052543003
16:35:00,0,0,0,370.0,0,0,,0,3285.164463051604,273.7637052543003
16:36:00,0,0,0,370.0,0,0,,0,3285.164463051604,273.7637052543003
16:37:00,0,0,0,370.0,0,0,,0,3285.164463051604,273.7637052543003
16:38:00,0,0,0,370.0,0,0,,0,3285.164463051604,273.7637052543003
16:39:00,0,0,0,370.0,0,0,,0,3285.164463051604,273.7637052543003
16:40:00,0,0,0,370.0,0,0,,0,3285.164463051604,273.7637052543003
16:41:00,0,0,0,370.0,0,0,,0,3285.164463051604,273.7637052543003
16:42:00,0,0,0,370.0,0,0,,0,3285.164463051604,273.7637052543003
16:43:00,0,0,0,370.0,0,0,,0,3285.164463051604,273.7637052543003
16:44:00,0,0,0,370.0,0,0,,0,3285.164463051604,273.7637052543003
16:45:00,0,0,0,370.0,0,0,,0,3285.164463051604,273.7637052543003
16:46:00,0,0,0,370.0,0,0,,0,3285.164463051604,273.7637052543003
16:47:00,0,0,0,370.0,0,0,,0,3285.164463051604,273.7637052543003
16:48:00,0,0,0,370.0,0,0,,0,3285.164463051604,273.7637052543003
16:49:00,0,0,0,370.0,0,0,,0,3285.164463051604,273.7637052543003
16:50:00,0,0,0,370.0,0,0,,0,3285.164463051604,273.7637052543003
16:51:00,0,0,0,370.0,0,0,,0,3285.164463051604,273.7637052543003
16:52:00,0,0,0,370.0,0,0,,0,3285.164463051604,273.7637052543003
16:53:00,0,0,0,370.0,0,0,,0,3285.164463051604,273.7637052543003
16:54:00,0,0,0,370.0,0,0,,0,3285.164463051604,273.7637052543003
16:55:00,0,0,0,370.0,0,0,,0,3285.164463051604,273.7637052543003
16:56:00,0,0,0,370.0,0,0,,0,3285.164463051604,273.7637052543003
16:57:00,0,0,0,370.0,0,0,,0,3285.164463051604,273.7637052543003
16:58:00,0,0,0,370.0,0,0,,0,3285.164463051604,273.7637052543003
16:59:00,0,0,0,370.0,0,0,,0,3285.164463051604,273.7637052543003
17:00:00,0,0,0,370.0,0,0,,0,3285.164463051604,273.7637052543003
17:01:00,0,0,0,370.0,0,0,,0,3285.164463051604,273.7637052543003
17:02:00,0,0,0,370.0,0,0,,0,3285.164463051604,273.7637052543003
17:03:00,0,0,0,370.0,0,0,,0,3285.164463051604,273.7637052543003
17:04:00,0,0,0,370.0,0,0,,0,3285.164463051604,273.7637052543003
17:05:00,0,0,0,370.0,0,0,,0,3285.164463051604,273.7637052543003
17:06:00,0,0,0,370.0,0,0,,0,3285.164463051604,273.7637052543003
17:07:00,0,0,0,370.0,0,0,,0,3285.164463051604,273.7637052543003
17:08:00,0,0,0,370.0,0,0,,0,3285.164463051604,273.7637052543003
17:09:00,0,0,0,370.0,0,0,,0,3285.164463051604,273.7637052543003
17:10:00,0,0,0,370.0,0,0,,0,3285.164463051604,273.7637052543003
17:11:00,0,0,0,370.0,0,0,,0,3285.164463051604,273.7637052543003
17:12:00,0,0,0,370.0,0,0,,0,3285.164463051604,273.7637052543003
17:13:00,0,0,0,370.0,0,0,,0,3285.164463051604,273.7637052543003
17:14:00,0,0,0,370.0,0,0,,0,3285.164463051604,273.7637052543003
17:15:00,0,0,0,370.0,0,0,,0,3285.164463051604,273.7637052543003
17:16:00,0,0,0,370.0,0,0,,0,3285.164463051604,273.7637052543003
17:17:00,0,0,0,370.0,0,0,,0,3285.164463051604,273.7637052543003
17:18:00,0,0,0,370.0,0,0,,0,3285.164463051604,273.7637052543003
17:19:00,0,0,0,370.0,0,0,,0,3285.164463051604,273.7637052543003
17:20:00,0,0,0,370.0,0,0,,0,3285.164463051604,273.7637052543003
17:21:00,0,0,0,370.0,0,0,,0,3285.164463051604,273.7637052543003
17:22:00,0,0,0,370.0,0,0,,0,3285.164463051604,273.7637052543003
17:23:00,0,0,0,370.0,0,0,,0,3285.164463051604,273.7637052543003
17:24:00,0,0,0,370.0,0,0,,0,3285.164463051604,273.7637052543003
17:25:00,0,0,0,370.0,0,0,,0,3285.164463051604,273.7637052543003
17:26:00,0,0,0,370.0,0,0,,0,3285.164463051604,273.7637052543003
17:27:00,0,0,0,370.0,0,0,,0,3285.164463051604,273.7637052543003
17:28:00,0,0,0,370.0,0,0,,0,3285.164463051604,273.7637052543003
17:29:00,0,0,0,370.0,0,0,,0,3285.164463051604,273.7637052543003
17:30:00,0,0,0,370.0,0,0,,0,3285.164463051604,273.7637052543003
17:31:00,0,0,0,370.0,0,0,,0,3285.164463051604,273.7637052543003
17:32:00,0,0,0,370.0,0,0,,0,3285.164463051604,273.7637052543003
17:33:00,0,0,0,370.0,0,0,,0,3285.164463051604,273.7637052543003
17:34:00,0,0,0,370.0,0,0,,0,3285.164463051604,273.7637052543003
17:35:00,0,0,0,370.0,0,0,,0,3285.164463051604,273.7637052543003
17:36:00,0,0,0,370.0,0,0,,0,3285.164463051604,273.7637052543003
17:37:00,0,0,0,370.0,0,0,,0,3285.164463051604,273.7637052543003
17:38:00,0,0,0,370.0,0,0,,0,3285.164463051604,273.7637052543003
17:39:00,0,0,0,370.0,0,0,,0,3285.164463051604,273.7637052543003
17:40:00,0,0,0,370.0,0,0,,0,3285.164463051604,273.7637052543003
17:41:00,0,0,0,370.0,0,0,,0,3285.164463051604,273.7637052543003
17:42:00,0,0,0,370.0,0,0,,0,3285.164463051604,273.7637052543003
17:43:00,0,0,0,370.0,0,0,,0,3285.164463051604,273.7637052543003
17:44:00,0,0,0,370.0,0,0,,0,3285.164463051604,273.7637052543003
17:45:00,0,0,0,370.0,0,0,,0,3285.164463051604,273.7637052543003
17:46:00,0,0,0,370.0,0,0,,0,3285.164463051604,273.7637052543003
17:47:00,0,0,0,370.0,0,0,,0,3285.164463051604,273.7637052543003
17:48:00,0,0,0,370.0,0,0,,0,3285.164463051604,273.7637052543003
17:49:00,0,0,0,370.0,0,0,,0,3285.164463051604,273.7637052543003
17:50:00,0,0,0,370.0,0,0,,0,3285.164463051604,273.7637052543003
17:51:00,0,0,0,370.0,0,0,,0,3285.164463051604,273.7637052543003
17:52:00,0,0,0,370.0,0,0,,0,3285.164463051604,273.7637052543003
17:53:00,0,0,0,370.0,0,0,,0,3285.164463051604,273.7637052543003
17:54:00,0,0,0,370.0,0,0,,0,3285.164463051604,273.7637052543003
17:55:00,0,0,0,370.0,0,0,,0,3285.164463051604,273.7637052543003
17:56:00,0,0,0,370.0,0,0,,0,3285.164463051604,273.7637052543003
17:57:00,0,0,0,370.0,0,0,,0,3285.164463051604,273.7637052543003
17:58:00,0,0,0,370.0,0,0,,0,3285.164463051604,273.7637052543003
17:59:00,0,0,0,370.0,0,0,,0,3285.164463051604,273.7637052543003
18:00:00,0,0,0,370.0,0,0,,0,3285.164463051604,273.7637052543003
18:01:00,0,0,0,370.0,0,0,,0,3285.164463051604,273.7637052543003
18:02:00,0,0,0,370.0,0,0,,0,3285.164463051604,273.7637052543003
18:03:00,0,0,0,370.0,0,0,,0,3285.164463051604,273.7637052543003
18:04:00,0,0,0,370.0,0,0,,0,3285.164463051604,273.7637052543003
18:05:00,0,0,0,370.0,0,0,,0,3285.164463051604,273.7637052543003
18:06:00,0,0,0,370.0,0,0,,0,3285.164463051604,273.7637052543003
18:07:00,0,0,0,370.0,0,0,,0,3285.164463051604,273.7637052543003
18:08:00,0,0,0,370.0,0,0,,0,3285.164463051604,273.7637052543003
18:09:00,0,0,0,370.0,0,0,,0,3285.164463051604,273.7637052543003
18:10:00,0,0,0,370.0,0,0,,0,3285.164463051604,273.7637052543003
18:11:00,0,0,0,370.0,0,0,,0,3285.164463051604,273.7637052543003
18:12:00,0,0,0,370.0,0,0,,0,3285.164463051604,273.7637052543003
18:13:00,0,0,0,370.0,0,0,,0,3285.164463051604,273.7637052543003
18:14:00,0,0,0,370.0,0,0,,0,3285.164463051604,273.7637052543003
18:15:00,0,0,0,370.0,0,0,,0,3285.164463051604,273.7637052543003
18:16:00,0,0,0,370.0,0,0,,0,3285.164463051604,273.7637052543003
18:17:00,0,0,0,370.0,0,0,,0,3285.164463051604,273.7637052543003
18:18:00,0,0,0,370.0,0,0,,0,3285.164463051604,273.7637052543003
18:19:00,0,0,0,370.0,0,0,,0,3285.164463051604,273.7637052543003
18:20:00,0,0,0,370.0,0,0,,0,3285.164463051604,273.7637052543003
18:21:00,0,0,0,370.0,0,0,,0,3285.164463051604,273.7637052543003
18:22:00,0,0,0,370.0,0,0,,0,3285.164463051604,273.7637052543003
18:23:00,0,0,0,370.0,0,0,,0,3285.164463051604,273.7637052543003
18:24:00,0,0,0,370.0,0,0,,0,3285.164463051604,273.7637052543003
18:25:00,0,0,0,370.0,0,0,,0,3285.164463051604,273.7637052543003
18:26:00,0,0,0,370.0,0,0,,0,3285.164463051604,273.7637052543003
18:27:00,0,0,0,370.0,0,0,,0,3285.164463051604,273.7637052543003
18:28:00,0,0,0,370.0,0,0,,0,3285.164463051604,273.7637052543003
18:29:00,0,0,0,370.0,0,0,,0,3285.164463051604,273.7637052543003
18:30:00,0,0,0,370.0,0,0,,0,3285.164463051604,273.7637052543003
18:31:00,0,0,0,370.0,0,0,,0,3285.164463051604,273.7637052543003
18:32:00,0,0,0,370.0,0,0,,0,3285.164463051604,273.7637052543003
18:33:00,0,0,0,370.0,0,0,,0,3285.164463051604,273.7637052543003
18:34:00,0,0,0,370.0,0,0,,0,3285.164463051604,273.7637052543003
18:35:00,0,0,0,370.0,0,0,,0,3285.164463051604,273.7637052543003
18:36:00,0,0,0,370.0,0,0,,0,3285.164463051604,273.7637052543003
18:37:00,0,0,0,370.0,0,0,,0,3285.164463051604,273.7637052543003
18:38:00,0,0,0,370.0,0,0,,0,3285.164463051604,273.7637052543003
18:39:00,0,0,0,370.0,0,0,,0,3285.164463051604,273.7637052543003
18:40:00,0,0,0,370.0,0,0,,0,3285.164463051604,273.7637052543003
18:41:00,0,0,0,370.0,0,0,,0,3285.164463051604,273.7637052543003
18:42:00,0,0,0,370.0,0,0,,0,3285.164463051604,273.7637052543003
18:43:00,0,0,0,370.0,0,0,,0,3285.164463051604,273.7637052543003
18:44:00,0,0,0,370.0,0,0,,0,3285.164463051604,273.7637052543003
18:45:00,0,0,0,370.0,0,0,,0,3285.164463051604,273.7637052543003
18:46:00,0,0,0,370.0,0,0,,0,3285.164463051604,273.7637052543003
18:47:00,0,0,0,370.0,0,0,,0,3285.164463051604,273.7637052543003
18:48:00,0,0,0,370.0,0,0,,0,3285.164463051604,273.7637052543003
18:49:00,0,0,0,370.0,0,0,,0,3285.164463051604,273.7637052543003
18:50:00,0,0,0,370.0,0,0,,0,3285.164463051604,273.7637052543003
18:51:00,0,0,0,370.0,0,0,,0,3285.164463051604,273.7637052543003
18:52:00,0,0,0,370.0,0,0,,0,3285.164463051604,273.7637052543003
18:53:00,0,0,0,370.0,0,0,,0,3285.164463051604,273.7637052543003
18:54:00,0,0,0,370.0,0,0,,0,3285.164463051604,273.7637052543003
18:55:00,0,0,0,370.0,0,0,,0,3285.164463051604,273.7637052543003
18:56:00,0,0,0,370.0,0,0,,0,3285.164463051604,273.7637052543003
18:57:00,0,0,0,370.0,0,0,,0,3285.164463051604,273.7637052543003
18:58:00,0,0,0,370.0,0,0,,0,3285.164463051604,273.7637052543003
18:59:00,0,0,0,370.0,0,0,,0,3285.164463051604,273.7637052543003
19:00:00,0,0,0,370.0,0,0,,0,3285.164463051604,273.7637052543003
19:01:00,0,0,0,370.0,0,0,,0,3285.164463051604,273.7637052543003
19:02:00,0,0,0,370.0,0,0,,0,3285.164463051604,273.7637052543003
19:03:00,0,0,0,370.0,0,0,,0,3285.164463051604,273.7637052543003
19:04:00,0,0,0,370.0,0,0,,0,3285.164463051604,273.7637052543003
19:05:00,0,0,0,370.0,0,0,,0,3285.164463051604,273.7637052543003
19:06:00,0,0,0,370.0,0,0,,0,3285.164463051604,273.7637052543003
19:07:00,0,0,0,370.0,0,0,,0,3285.164463051604,273.7637052543003
19:08:00,0,0,0,370.0,0,0,,0,3285.164463051604,273.7637052543003
19:09:00,0,0,0,370.0,0,0,,0,3285.164463051604,273.7637052543003
19:10:00,0,0,0,370.0,0,0,,0,3285.164463051604,273.7637052543003
19:11:00,0,0,0,370.0,0,0,,0,3285.164463051604,273.7637052543003
19:12:00,0,0,0,370.0,0,0,,0,3285.164463051604,273.7637052543003
19:13:00,0,0,0,370.0,0,0,,0,3285.164463051604,273.7637052543003
19:14:00,0,0,0,370.0,0,0,,0,3285.164463051604,273.7637052543003
19:15:00,0,0,0,370.0,0,0,,0,3285.164463051604,273.7637052543003
19:16:00,0,0,0,370.0,0,0,,0,3285.164463051604,273.7637052543003
19:17:00,0,0,0,370.0,0,0,,0,3285.164463051604,273.7637052543003
19:18:00,0,0,0,370.0,0,0,,0,3285.164463051604,273.7637052543003
19:19:00,0,0,0,370.0,0,0,,0,3285.164463051604,273.7637052543003
19:20:00,0,0,0,370.0,0,0,,0,3285.164463051604,273.7637052543003
19:21:00,0,0,0,370.0,0,0,,0,3285.164463051604,273.7637052543003
19:22:00,0,0,0,370.0,0,0,,0,3285.164463051604,273.7637052543003
19:23:00,0,0,0,370.0,0,0,,0,3285.164463051604,273.7637052543003
19:24:00,0,0,0,370.0,0,0,,0,3285.164463051604,273.7637052543003
19:25:00,0,0,0,370.0,0,0,,0,3285.164463051604,273.7637052543003
19:26:00,0,0,0,370.0,0,0,,0,3285.164463051604,273.7637052543003
19:27:00,0,0,0,370.0,0,0,,0,3285.164463051604,273.7637052543003
19:28:00,0,0,0,370.0,0,0,,0,3285.164463051604,273.7637052543003
19:29:00,0,0,0,370.0,0,0,,0,3285.164463051604,273.7637052543003
19:30:00,0,0,0,370.0,0,0,,0,3285.164463051604,273.7637052543003
19:31:00,0,0,0,370.0,0,0,,0,3285.164463051604,273.7637052543003
19:32:00,0,0,0,370.0,0,0,,0,3285.164463051604,273.7637052543003
19:33:00,0,0,0,370.0,0,0,,0,3285.164463051604,273.7637052543003
19:34:00,0,0,0,370.0,0,0,,0,3285.164463051604,273.7637052543003
19:35:00,0,0,0,370.0,0,0,,0,3285.164463051604,273.7637052543003
19:36:00,0,0,0,370.0,0,0,,0,3285.164463051604,273.7637052543003
19:37:00,0,0,0,370.0,0,0,,0,3285.164463051604,273.7637052543003
19:38:00,0,0,0,370.0,0,0,,0,3285.164463051604,273.7637052543003
19:39:00,0,0,0,370.0,0,0,,0,3285.164463051604,273.7637052543003
19:40:00,0,0,0,370.0,0,0,,0,3285.164463051604,273.7637052543003
19:41:00,0,0,0,370.0,0,0,,0,3285.164463051604,273.7637052543003
19:42:00,0,0,0,370.0,0,0,,0,3285.164463051604,273.7637052543003
19:43:00,0,0,0,370.0,0,0,,0,3285.164463051604,273.7637052543003
19:44:00,0,0,0,370.0,0,0,,0,3285.164463051604,273.7637052543003
19:45:00,0,0,0,370.0,0,0,,0,3285.164463051604,273.7637052543003
19:46:00,0,0,0,370.0,0,0,,0,3285.164463051604,273.7637052543003
19:47:00,0,0,0,370.0,0,0,,0,3285.164463051604,273.7637052543003
19:48:00,0,0,0,370.0,0,0,,0,3285.164463051604,273.7637052543003
19:49:00,0,0,0,370.0,0,0,,0,3285.164463051604,273.7637052543003
19:50:00,0,0,0,370.0,0,0,,0,3285.164463051604,273.7637052543003
19:51:00,0,0,0,370.0,0,0,,0,3285.164463051604,273.7637052543003
19:52:00,0,0,0,370.0,0,0,,0,3285.164463051604,273.7637052543003
19:53:00,0,0,0,370.0,0,0,,0,3285.164463051604,273.7637052543003
19:54:00,0,0,0,370.0,0,0,,0,3285.164463051604,273.7637052543003
19:55:00,0,0,0,370.0,0,0,,0,3285.164463051604,273.7637052543003
19:56:00,0,0,0,370.0,0,0,,0,3285.164463051604,273.7637052543003
19:57:00,0,0,0,370.0,0,0,,0,3285.164463051604,273.7637052543003
19:58:00,0,0,0,370.0,0,0,,0,3285.164463051604,273.7637052543003
19:59:00,0,0,0,370.0,0,0,,0,3285.164463051604,273.7637052543003
20:00:00,0,0,0,370.0,0,0,,0,3285.164463051604,273.7637052543003
20:01:00,0,0,0,370.0,0,0,,0,3285.164463051604,273.7637052543003
20:02:00,0,0,0,370.0,0,0,,0,3285.164463051604,273.7637052543003
20:03:00,0,0,0,370.0,0,0,,0,3285.164463051604,273.7637052543003
20:04:00,0,0,0,370.0,0,0,,0,3285.164463051604,273.7637052543003
20:05:00,0,0,0,370.0,0,0,,0,3285.164463051604,273.7637052543003
20:06:00,0,0,0,370.0,0,0,,0,3285.164463051604,273.7637052543003
20:07:00,0,0,0,370.0,0,0,,0,3285.164463051604,273.7637052543003
20:08:00,0,0,0,370.0,0,0,,0,3285.164463051604,273.7637052543003
20:09:00,0,0,0,370.0,0,0,,0,3285.164463051604,273.7637052543003
20:10:00,0,0,0,370.0,0,0,,0,3285.164463051604,273.7637052543003
20:11:00,0,0,0,370.0,0,0,,0,3285.164463051604,273.7637052543003
20:12:00,0,0,0,370.0,0,0,,0,3285.164463051604,273.7637052543003
20:13:00,0,0,0,370.0,0,0,,0,3285.164463051604,273.7637052543003
20:14:00,0,0,0,370.0,0,0,,0,3285.164463051604,273.7637052543003
20:15:00,0,0,0,370.0,0,0,,0,3285.164463051604,273.7637052543003
20:16:00,0,0,0,370.0,0,0,,0,3285.164463051604,273.7637052543003
20:17:00,0,0,0,370.0,0,0,,0,3285.164463051604,273.7637052543003
20:18:00,0,0,0,370.0,0,0,,0,3285.164463051604,273.7637052543003
20:19:00,0,0,0,370.0,0,0,,0,3285.164463051604,273.7637052543003
20:20:00,0,0,0,370.0,0,0,,0,3285.164463051604,273.7637052543003
20:21:00,0,0,0,370.0,0,0,,0,3285.164463051604,273.7637052543003
20:22:00,0,0,0,370.0,0,0,,0,3285.164463051604,273.7637052543003
20:23:00,0,0,0,370.0,0,0,,0,3285.164463051604,273.7637052543003
20:24:00,0,0,0,370.0,0,0,,0,3285.164463051604,273.7637052543003
20:25:00,0,0,0,370.0,0,0,,0,3285.164463051604,273.7637052543003
20:26:00,0,0,0,370.0,0,0,,0,3285.164463051604,273.7637052543003
20:27:00,0,0,0,370.0,0,0,,0,3285.164463051604,273.7637052543003
20:28:00,0,0,0,370.0,0,0,,0,3285.164463051604,273.7637052543003
20:29:00,0,0,0,370.0,0,0,,0,3285.164463051604,273.7637052543003
20:30:00,0,0,0,370.0,0,0,,0,3285.164463051604,273.7637052543003
20:31:00,0,0,0,370.0,0,0,,0,3285.164463051604,273.7637052543003
20:32:00,0,0,0,370.0,0,0,,0,3285.164463051604,273.7637052543003
20:33:00,0,0,0,370.0,0,0,,0,3285.164463051604,273.7637052543003
20:34:00,0,0,0,370.0,0,0,,0,3285.164463051604,273.7637052543003
20:35:00,0,0,0,370.0,0,0,,0,3285.164463051604,273.7637052543003
20:36:00,0,0,0,370.0,0,0,,0,3285.164463051604,273.7637052543003
20:37:00,0,0,0,370.0,0,0,,0,3285.164463051604,273.7637052543003
20:38:00,0,0,0,370.0,0,0,,0,3285.164463051604,273.7637052543003
20:39:00,0,0,0,370.0,0,0,,0,3285.164463051604,273.7637052543003
20:40:00,0,0,0,370.0,0,0,,0,3285.164463051604,273.7637052543003
20:41:00,0,0,0,370.0,0,0,,0,3285.164463051604,273.7637052543003
20:42:00,0,0,0,370.0,0,0,,0,3285.164463051604,273.7637052543003
20:43:00,0,0,0,370.0,0,0,,0,3285.164463051604,273.7637052543003
20:44:00,0,0,0,370.0,0,0,,0,3285.164463051604,273.7637052543003
20:45:00,0,0,0,370.0,0,0,,0,3285.164463051604,273.7637052543003
20:46:00,0,0,0,370.0,0,0,,0,3285.164463051604,273.7637052543003
20:47:00,0,0,0,370.0,0,0,,0,3285.164463051604,273.7637052543003
20:48:00,0,0,0,370.0,0,0,,0,3285.164463051604,273.7637052543003
20:49:00,0,0,0,370.0,0,0,,0,3285.164463051604,273.7637052543003
20:50:00,0,0,0,370.0,0,0,,0,3285.164463051604,273.7637052543003
20:51:00,0,0,0,370.0,0,0,,0,3285.164463051604,273.7637052543003
20:52:00,0,0,0,370.0,0,0,,0,3285.164463051604,273.7637052543003
20:53:00,0,0,0,370.0,0,0,,0,3285.164463051604,273.7637052543003
20:54:00,0,0,0,370.0,0,0,,0,3285.164463051604,273.7637052543003
20:55:00,0,0,0,370.0,0,0,,0,3285.164463051604,273.7637052543003
20:56:00,0,0,0,370.0,0,0,,0,3285.164463051604,273.7637052543003
20:57:00,0,0,0,370.0,0,0,,0,3285.164463051604,273.7637052543003
20:58:00,0,0,0,370.0,0,0,,0,3285.164463051604,273.7637052543003
20:59:00,0,0,0,370.0,0,0,,0,3285.164463051604,273.7637052543003
21:00:00,0,0,0,370.0,0,0,,0,3285.164463051604,273.7637052543003
21:01:00,0,0,0,370.0,0,0,,0,3285.164463051604,273.7637052543003
21:02:00,0,0,0,370.0,0,0,,0,3285.164463051604,273.7637052543003
21:03:00,0,0,0,370.0,0,0,,0,3285.164463051604,273.7637052543003
21:04:00,0,0,0,370.0,0,0,,0,3285.164463051604,273.7637052543003
21:05:00,0,0,0,370.0,0,0,,0,3285.164463051604,273.7637052543003
21:06:00,0,0,0,370.0,0,0,,0,3285.164463051604,273.7637052543003
21:07:00,0,0,0,370.0,0,0,,0,3285.164463051604,273.7637052543003
21:08:00,0,0,0,370.0,0,0,,0,3285.164463051604,273.7637052543003
21:09:00,0,0,0,370.0,0,0,,0,3285.164463051604,273.7637052543003
21:10:00,0,0,0,370.0,0,0,,0,3285.164463051604,273.7637052543003
21:11:00,0,0,0,370.0,0,0,,0,3285.164463051604,273.7637052543003
21:12:00,0,0,0,370.0,0,0,,0,3285.164463051604,273.7637052543003
21:13:00,0,0,0,370.0,0,0,,0,3285.164463051604,273.7637052543003
21:14:00,0,0,0,370.0,0,0,,0,3285.164463051604,273.7637052543003
21:15:00,0,0,0,370.0,0,0,,0,3285.164463051604,273.7637052543003
21:16:00,0,0,0,370.0,0,0,,0,3285.164463051604,273.7637052543003
21:17:00,0,0,0,370.0,0,0,,0,3285.164463051604,273.7637052543003
21:18:00,0,0,0,370.0,0,0,,0,3285.164463051604,273.7637052543003
21:19:00,0,0,0,370.0,0,0,,0,3285.164463051604,273.7637052543003
21:20:00,0,0,0,370.0,0,0,,0,3285.164463051604,273.7637052543003
21:21:00,0,0,0,370.0,0,0,,0,3285.164463051604,273.7637052543003
21:22:00,0,0,0,370.0,0,0,,0,3285.164463051604,273.7637052543003
21:23:00,0,0,0,370.0,0,0,,0,3285.164463051604,273.7637052543003
21:24:00,0,0,0,370.0,0,0,,0,3285.164463051604,273.7637052543003
21:25:00,0,0,0,370.0,0,0,,0,3285.164463051604,273.7637052543003
21:26:00,0,0,0,370.0,0,0,,0,3285.164463051604,273.7637052543003
21:27:00,0,0,0,370.0,0,0,,0,3285.164463051604,273.7637052543003
21:28:00,0,0,0,370.0,0,0,,0,3285.164463051604,273.7637052543003
21:29:00,0,0,0,370.0,0,0,,0,3285.164463051604,273.7637052543003
21:30:00,0,0,0,370.0,0,0,,0,3285.164463051604,273.7637052543003
21:31:00,0,0,0,370.0,0,0,,0,3285.164463051604,273.7637052543003
21:32:00,0,0,0,370.0,0,0,,0,3285.164463051604,273.7637052543003
21:33:00,0,0,0,370.0,0,0,,0,3285.164463051604,273.7637052543003
21:34:00,0,0,0,370.0,0,0,,0,3285.164463051604,273.7637052543003
21:35:00,0,0,0,370.0,0,0,,0,3285.164463051604,273.7637052543003
21:36:00,0,0,0,370.0,0,0,,0,3285.164463051604,273.7637052543003
21:37:00,0,0,0,370.0,0,0,,0,3285.164463051604,273.7637052543003
21:38:00,0,0,0,370.0,0,0,,0,3285.164463051604,273.7637052543003
21:39:00,0,0,0,370.0,0,0,,0,3285.164463051604,273.7637052543003
21:40:00,0,0,0,370.0,0,0,,0,3285.164463051604,273.7637052543003
21:41:00,0,0,0,370.0,0,0,,0,3285.164463051604,273.7637052543003
21:42:00,0,0,0,370.0,0,0,,0,3285.164463051604,273.7637052543003
21:43:00,0,0,0,370.0,0,0,,0,3285.164463051604,273.7637052543003
21:44:00,0,0,0,370.0,0,0,,0,3285.164463051604,273.7637052543003
21:45:00,0,0,0,370.0,0,0,,0,3285.164463051604,273.7637052543003
21:46:00,0,0,0,370.0,0,0,,0,3285.164463051604,273.7637052543003
21:47:00,0,0,0,370.0,0,0,,0,3285.164463051604,273.7637052543003
21:48:00,0,0,0,370.0,0,0,,0,3285.164463051604,273.7637052543003
21:49:00,0,0,0,370.0,0,0,,0,3285.164463051604,273.7637052543003
21:50:00,0,0,0,370.0,0,0,,0,3285.164463051604,273.7637052543003
21:51:00,0,0,0,370.0,0,0,,0,3285.164463051604,273.7637052543003
21:52:00,0,0,0,370.0,0,0,,0,3285.164463051604,273.7637052543003
21:53:00,0,0,0,370.0,0,0,,0,3285.164463051604,273.7637052543003
21:54:00,0,0,0,370.0,0,0,,0,3285.164463051604,273.7637052543003
21:55:00,0,0,0,370.0,0,0,,0,3285.164463051604,273.7637052543003
21:56:00,0,0,0,370.0,0,0,,0,3285.164463051604,273.7637052543003
21:57:00,0,0,0,370.0,0,0,,0,3285.164463051604,273.7637052543003
21:58:00,0,0,0,370.0,0,0,,0,3285.164463051604,273.7637052543003
21:59:00,0,0,0,370.0,0,0,,0,3285.164463051604,273.7637052543003
22:00:00,0,0,0,370.0,0,0,,0,3285.164463051604,273.7637052543003
22:01:00,0,0,0,370.0,0,0,,0,3285.164463051604,273.7637052543003
22:02:00,0,0,0,370.0,0,0,,0,3285.164463051604,273.7637052543003
22:03:00,0,0,0,370.0,0,0,,0,3285.164463051604,273.7637052543003
22:04:00,0,0,0,370.0,0,0,,0,3285.164463051604,273.7637052543003
22:05:00,0,0,0,370.0,0,0,,0,3285.164463051604,273.7637052543003
22:06:00,0,0,0,370.0,0,0,,0,3285.164463051604,273.7637052543003
22:07:00,0,0,0,370.0,0,0,,0,3285.164463051604,273.7637052543003
22:08:00,0,0,0,370.0,0,0,,0,3285.164463051604,273.7637052543003
22:09:00,0,0,0,370.0,0,0,,0,3285.164463051604,273.7637052543003
22:10:00,0,0,0,370.0,0,0,,0,3285.164463051604,273.7637052543003
22:11:00,0,0,0,370.0,0,0,,0,3285.164463051604,273.7637052543003
22:12:00,0,0,0,370.0,0,0,,0,3285.164463051604,273.7637052543003
22:13:00,0,0,0,370.0,0,0,,0,3285.164463051604,273.7637052543003
22:14:00,0,0,0,370.0,0,0,,0,3285.164463051604,273.7637052543003
22:15:00,0,0,0,370.0,0,0,,0,3285.164463051604,273.7637052543003
22:16:00,0,0,0,370.0,0,0,,0,3285.164463051604,273.7637052543003
22:17:00,0,0,0,370.0,0,0,,0,3285.164463051604,273.7637052543003
22:18:00,0,0,0,370.0,0,0,,0,3285.164463051604,273.7637052543003
22:19:00,0,0,0,370.0,0,0,,0,3285.164463051604,273.7637052543003
22:20:00,0,0,0,370.0,0,0,,0,3285.164463051604,273.7637052543003
22:21:00,0,0,0,370.0,0,0,,0,3285.164463051604,273.7637052543003
22:22:00,0,0,0,370.0,0,0,,0,3285.164463051604,273.7637052543003
22:23:00,0,0,0,370.0,0,0,,0,3285.164463051604,273.7637052543003
22:24:00,0,0,0,370.0,0,0,,0,3285.164463051604,273.7637052543003
22:25:00,0,0,0,370.0,0,0,,0,3285.164463051604,273.7637052543003
22:26:00,0,0,0,370.0,0,0,,0,3285.164463051604,273.7637052543003
22:27:00,0,0,0,370.0,0,0,,0,3285.164463051604,273.7637052543003
22:28:00,0,0,0,370.0,0,0,,0,3285.164463051604,273.7637052543003
22:29:00,0,0,0,370.0,0,0,,0,3285.164463051604,273.7637052543003
22:30:00,0,0,0,370.0,0,0,,0,3285.164463051604,273.7637052543003
22:31:00,0,0,0,370.0,0,0,,0,3285.164463051604,273.7637052543003
22:32:00,0,0,0,370.0,0,0,,0,3285.164463051604,273.7637052543003
22:33:00,0,0,0,370.0,0,0,,0,3285.164463051604,273.7637052543003
22:34:00,0,0,0,370.0,0,0,,0,3285.164463051604,273.7637052543003
22:35:00,0,0,0,370.0,0,0,,0,3285.164463051604,273.7637052543003
22:36:00,0,0,0,370.0,0,0,,0,3285.164463051604,273.7637052543003
22:37:00,0,0,0,370.0,0,0,,0,3285.164463051604,273.7637052543003
22:38:00,0,0,0,370.0,0,0,,0,3285.164463051604,273.7637052543003
22:39:00,0,0,0,370.0,0,0,,0,3285.164463051604,273.7637052543003
22:40:00,0,0,0,370.0,0,0,,0,3285.164463051604,273.7637052543003
22:41:00,0,0,0,370.0,0,0,,0,3285.164463051604,273.7637052543003
22:42:00,0,0,0,370.0,0,0,,0,3285.164463051604,273.7637052543003
22:43:00,0,0,0,370.0,0,0,,0,3285.164463051604,273.7637052543003
22:44:00,0,0,0,370.0,0,0,,0,3285.164463051604,273.7637052543003
22:45:00,0,0,0,370.0,0,0,,0,3285.164463051604,273.7637052543003
22:46:00,0,0,0,370.0,0,0,,0,3285.164463051604,273.7637052543003
22:47:00,0,0,0,370.0,0,0,,0,3285.164463051604,273.7637052543003
22:48:00,0,0,0,370.0,0,0,,0,3285.164463051604,273.7637052543003
22:49:00,0,0,0,370.0,0,0,,0,3285.164463051604,273.7637052543003
22:50:00,0,0,0,370.0,0,0,,0,3285.164463051604,273.7637052543003
22:51:00,0,0,0,370.0,0,0,,0,3285.164463051604,273.7637052543003
22:52:00,0,0,0,370.0,0,0,,0,3285.164463051604,273.7637052543003
22:53:00,0,0,0,370.0,0,0,,0,3285.164463051604,273.7637052543003
22:54:00,0,0,0,370.0,0,0,,0,3285.164463051604,273.7637052543003
22:55:00,0,0,0,370.0,0,0,,0,3285.164463051604,273.7637052543003
22:56:00,0,0,0,370.0,0,0,,0,3285.164463051604,273.7637052543003
22:57:00,0,0,0,370.0,0,0,,0,3285.164463051604,273.7637052543003
22:58:00,0,0,0,370.0,0,0,,0,3285.164463051604,273.7637052543003
22:59:00,35,0.0,0,370.0,0,0.6551518761167362,225466096#3_0,0.0,3285.164463051604,273.7637052543003
23:00:00,31,1.199555826080517,0,292.5,4,0.3067484662576687,:2342415677_6_0,0.0,3285.164463051604,205.32277894072524
23:01:00,29,1.2096013095047264,0,273.3333333333333,2,0.4464285714285714,:2342378557_3_0,0.0,3426.7527356787064,190.37515198215036
23:02:00,25,1.1589755354112306,0,256.3636363636364,4,0.6289308176100629,-225470357#2_0,0.0,3932.041203916026,178.72914563254665
23:03:00,25,1.1947705838951759,0,256.3636363636364,0,0.16501650165016502,:2342205389_1_0,0.0,3932.041203916026,178.72914563254665
23:04:00,20,1.1343533271011832,0,264.44444444444446,5,0.5194805194805194,:9654224079_1_0,0.0,5390.502678900408,199.64824736668177
23:05:00,12,1.0563212969526818,0,286.2857142857143,8,0.22831050228310504,:1906841229_3_0,0.0,7961.5967387094215,227.4741925345549
23:06:00,8,0.9767908083053347,0,300.0,4,0.12004801920768307,:8549651550_3_0,0.0,9577.207194447468,245.56941524224277
23:07:00,5,0.8680007123969885,0,312.85714285714283,3,0.10638297872340426,:12625990043_3_0,0.0,10833.934090724122,257.95081168390766
23:08:00,2,0.6504744447631647,0,328.0,3,0.011625203441060218,372396764#5_0,0.0,12152.072095629359,270.0460465695413
23:09:00,2,0.6368742064240995,0,328.0,0,0.4464285714285714,372396764#6_0,0.0,12152.072095629359,270.0460465695413
23:10:00,1,0.6118124122702722,0,335.2173913043478,1,0.10638297872340426,:12625990041_3_0,0.0,12564.81309438304,273.1481107474574
23:11:00,1,0.6434161257760225,0,335.2173913043478,0,0.09823182711198429,:8549651553_1_0,0.0,12564.81309438304,273.1481107474574
23:12:00,0,0,0,344.6808510638298,1,0,,0,13013.200437304735,276.8766050490369
23:13:00,0,0,0,344.6808510638298,0,0,,0,13013.200437304735,276.8766050490369
23:14:00,0,0,0,344.6808510638298,0,0,,0,13013.200437304735,276.8766050490369
23:15:00,0,0,0,344.6808510638298,0,0,,0,13013.200437304735,276.8766050490369
23:16:00,0,0,0,344.6808510638298,0,0,,0,13013.200437304735,276.8766050490369
23:17:00,0,0,0,344.6808510638298,0,0,,0,13013.200437304735,276.8766050490369
23:18:00,0,0,0,344.6808510638298,0,0,,0,13013.200437304735,276.8766050490369
23:19:00,0,0,0,344.6808510638298,0,0,,0,13013.200437304735,276.8766050490369
23:20:00,0,0,0,344.6808510638298,0,0,,0,13013.200437304735,276.8766050490369
23:21:00,0,0,0,344.6808510638298,0,0,,0,13013.200437304735,276.8766050490369
23:22:00,0,0,0,344.6808510638298,0,0,,0,13013.200437304735,276.8766050490369
23:23:00,0,0,0,344.6808510638298,0,0,,0,13013.200437304735,276.8766050490369
23:24:00,0,0,0,344.6808510638298,0,0,,0,13013.200437304735,276.8766050490369
23:25:00,0,0,0,344.6808510638298,0,0,,0,13013.200437304735,276.8766050490369
23:26:00,0,0,0,344.6808510638298,0,0,,0,13013.200437304735,276.8766050490369
23:27:00,0,0,0,344.6808510638298,0,0,,0,13013.200437304735,276.8766050490369
23:28:00,0,0,0,344.6808510638298,0,0,,0,13013.200437304735,276.8766050490369
23:29:00,0,0,0,344.6808510638298,0,0,,0,13013.200437304735,276.8766050490369
23:30:00,0,0,0,344.6808510638298,0,0,,0,13013.200437304735,276.8766050490369
23:31:00,0,0,0,344.6808510638298,0,0,,0,13013.200437304735,276.8766050490369
23:32:00,0,0,0,344.6808510638298,0,0,,0,13013.200437304735,276.8766050490369
23:33:00,0,0,0,344.6808510638298,0,0,,0,13013.200437304735,276.8766050490369
23:34:00,0,0,0,344.6808510638298,0,0,,0,13013.200437304735,276.8766050490369
23:35:00,0,0,0,344.6808510638298,0,0,,0,13013.200437304735,276.8766050490369
23:36:00,0,0,0,344.6808510638298,0,0,,0,13013.200437304735,276.8766050490369
23:37:00,0,0,0,344.6808510638298,0,0,,0,13013.200437304735,276.8766050490369
23:38:00,0,0,0,344.6808510638298,0,0,,0,13013.200437304735,276.8766050490369
23:39:00,0,0,0,344.6808510638298,0,0,,0,13013.200437304735,276.8766050490369
23:40:00,0,0,0,344.6808510638298,0,0,,0,13013.200437304735,276.8766050490369
23:41:00,0,0,0,344.6808510638298,0,0,,0,13013.200437304735,276.8766050490369
23:42:00,0,0,0,344.6808510638298,0,0,,0,13013.200437304735,276.8766050490369
23:43:00,0,0,0,344.6808510638298,0,0,,0,13013.200437304735,276.8766050490369
23:44:00,0,0,0,344.6808510638298,0,0,,0,13013.200437304735,276.8766050490369
23:45:00,0,0,0,344.6808510638298,0,0,,0,13013.200437304735,276.8766050490369
23:46:00,0,0,0,344.6808510638298,0,0,,0,13013.200437304735,276.8766050490369
23:47:00,0,0,0,344.6808510638298,0,0,,0,13013.200437304735,276.8766050490369
23:48:00,0,0,0,344.6808510638298,0,0,,0,13013.200437304735,276.8766050490369
23:49:00,0,0,0,344.6808510638298,0,0,,0,13013.200437304735,276.8766050490369
23:50:00,0,0,0,344.6808510638298,0,0,,0,13013.200437304735,276.8766050490369
23:51:00,0,0,0,344.6808510638298,0,0,,0,13013.200437304735,276.8766050490369
23:52:00,0,0,0,344.6808510638298,0,0,,0,13013.200437304735,276.8766050490369
23:53:00,0,0,0,344.6808510638298,0,0,,0,13013.200437304735,276.8766050490369
23:54:00,0,0,0,344.6808510638298,0,0,,0,13013.200437304735,276.8766050490369
23:55:00,0,0,0,344.6808510638298,0,0,,0,13013.200437304735,276.8766050490369
23:56:00,0,0,0,344.6808510638298,0,0,,0,13013.200437304735,276.8766050490369
23:57:00,0,0,0,344.6808510638298,0,0,,0,13013.200437304735,276.8766050490369
23:58:00,0,0,0,344.6808510638298,0,0,,0,13013.200437304735,276.8766050490369
23:59:00,3,0.0,0,344.6808510638298,0,0.05955926146515784,225466096#3_0,0.0,13013.200437304735,276.8766050490369
